nohup: ignoring input
==================================================
Starting merge for k=33 (n=2, B=128, drive=data-r)
==================================================
Clearing cache...
3
Executing command...
stdbuf -o0 -e0 bash -c 'time sudo ./vaultx -P merge -k 32 -n 2 -F /data-l/iraicu/tmp/ -T /data-r/iraicu/vaults/ -t 1 -R 1024  -A pipelined -B 128' 2>&1 | tee ./logs/log_k32_n2_t1_m128_merge_hdd_hdd.txt
Selected Approach           : for
Number of Threads           : 1
Number of Threads I/O       : 1
Exponent k                  : 32
Threads (Hash/Sort)         : 1
Threads (I/O)               : 1
Table1 Size (GB)            : 0.0
Table2 Size (GB)            : 0.0
Max Memory Size (GB)        : 2.0
Expected Memory Size (GB)   : 1.6
Number of Hashes (Disk)     : 4294967296
File Size (GB)              : 0.0
Temporary Data Size (GB)    : 0
Size of MemoRecord          : 4
Rounds                      : 1
Number of Buckets           : 1
Number of Records in Bucket : 1
BATCH_SIZE                  : 1024
WRITE_BATCH_SIZE            : 1024
READ_BATCH_SIZE             : 1024
HASHGEN                     : false
MEMORY_WRITE                : true
CIRCULAR_ARRAY              : false
FULL_BUCKETS                : false
Peak Memory Usage: 1.91 MB
Memory Size per Batch: 128MB
Buckets processed from each file per batch: 32768
Bucket size: 2048 bytes
Data read from each file per batch: 64.00MB

Total Batches: 512
Merge Approach [0]: Pipelined
Source: /data-l/iraicu/tmp/
Destination: /data-r/iraicu/vaults/
Threads: 1
Files: 2, K32
Memory Limit: 483544MB


posix_fallocate (68719476808 bytes) took 0.646 seconds


[0.20%] | Read: 0.8452s | Write: 0.1129s | Batch Time: 0.958068s | Total Time: 0.96s | ETA: 489.57s | Throughput: 133.60 MB/s
[0.39%] | Read: 0.7732s | Write: 0.1256s | Batch Time: 0.898765s | Total Time: 1.86s | ETA: 473.50s | Throughput: 142.42 MB/s
[0.59%] | Read: 0.7472s | Write: 0.1238s | Batch Time: 0.871017s | Total Time: 2.73s | ETA: 462.83s | Throughput: 146.95 MB/s
[0.78%] | Read: 0.7660s | Write: 0.1246s | Batch Time: 0.890593s | Total Time: 3.62s | ETA: 459.55s | Throughput: 143.72 MB/s
[0.98%] | Read: 0.7566s | Write: 0.1261s | Batch Time: 0.882726s | Total Time: 4.50s | ETA: 456.42s | Throughput: 145.01 MB/s
[1.17%] | Read: 0.7725s | Write: 0.1248s | Batch Time: 0.897234s | Total Time: 5.40s | ETA: 455.27s | Throughput: 142.66 MB/s
[1.37%] | Read: 0.7601s | Write: 0.1216s | Batch Time: 0.881699s | Total Time: 6.28s | ETA: 453.07s | Throughput: 145.17 MB/s
[1.56%] | Read: 0.7645s | Write: 0.1242s | Batch Time: 0.888730s | Total Time: 7.17s | ETA: 451.64s | Throughput: 144.03 MB/s
[1.76%] | Read: 0.7607s | Write: 0.1233s | Batch Time: 0.883983s | Total Time: 8.05s | ETA: 450.07s | Throughput: 144.80 MB/s
[1.95%] | Read: 0.7711s | Write: 0.1264s | Batch Time: 0.897513s | Total Time: 8.95s | ETA: 449.31s | Throughput: 142.62 MB/s
[2.15%] | Read: 0.7549s | Write: 0.1255s | Batch Time: 0.880393s | Total Time: 9.83s | ETA: 447.75s | Throughput: 145.39 MB/s
[2.34%] | Read: 0.7697s | Write: 0.1406s | Batch Time: 0.910318s | Total Time: 10.74s | ETA: 447.55s | Throughput: 140.61 MB/s
[2.54%] | Read: 0.7575s | Write: 0.1378s | Batch Time: 0.895301s | Total Time: 11.64s | ETA: 446.66s | Throughput: 142.97 MB/s
[2.73%] | Read: 0.7720s | Write: 0.1349s | Batch Time: 0.906877s | Total Time: 12.54s | ETA: 446.18s | Throughput: 141.14 MB/s
[2.93%] | Read: 0.7513s | Write: 0.1410s | Batch Time: 0.892333s | Total Time: 13.44s | ETA: 445.17s | Throughput: 143.44 MB/s
[3.12%] | Read: 0.7992s | Write: 0.1392s | Batch Time: 0.938375s | Total Time: 14.37s | ETA: 445.60s | Throughput: 136.41 MB/s
[3.32%] | Read: 0.7706s | Write: 0.1301s | Batch Time: 0.900663s | Total Time: 15.27s | ETA: 444.76s | Throughput: 142.12 MB/s
[3.52%] | Read: 0.7560s | Write: 0.1332s | Batch Time: 0.889155s | Total Time: 16.16s | ETA: 443.61s | Throughput: 143.96 MB/s
[3.71%] | Read: 0.7648s | Write: 0.1312s | Batch Time: 0.895946s | Total Time: 17.06s | ETA: 442.66s | Throughput: 142.87 MB/s
[3.91%] | Read: 0.7453s | Write: 0.1291s | Batch Time: 0.874422s | Total Time: 17.93s | ETA: 441.18s | Throughput: 146.38 MB/s
[4.10%] | Read: 0.7654s | Write: 0.1240s | Batch Time: 0.889430s | Total Time: 18.82s | ETA: 440.12s | Throughput: 143.91 MB/s
[4.30%] | Read: 0.7494s | Write: 0.1253s | Batch Time: 0.874689s | Total Time: 19.70s | ETA: 438.74s | Throughput: 146.34 MB/s
[4.49%] | Read: 0.7679s | Write: 0.1221s | Batch Time: 0.889949s | Total Time: 20.59s | ETA: 437.73s | Throughput: 143.83 MB/s
[4.69%] | Read: 0.7474s | Write: 0.1234s | Batch Time: 0.870835s | Total Time: 21.46s | ETA: 436.34s | Throughput: 146.99 MB/s
[4.88%] | Read: 0.7662s | Write: 0.1252s | Batch Time: 0.891395s | Total Time: 22.35s | ETA: 435.39s | Throughput: 143.60 MB/s
[5.08%] | Read: 0.7513s | Write: 0.1224s | Batch Time: 0.873712s | Total Time: 23.22s | ETA: 434.12s | Throughput: 146.50 MB/s
[5.27%] | Read: 0.7554s | Write: 0.1307s | Batch Time: 0.886076s | Total Time: 24.11s | ETA: 433.10s | Throughput: 144.46 MB/s
[5.47%] | Read: 0.7429s | Write: 0.1317s | Batch Time: 0.874591s | Total Time: 24.99s | ETA: 431.89s | Throughput: 146.35 MB/s
[5.66%] | Read: 0.7580s | Write: 0.1354s | Batch Time: 0.893382s | Total Time: 25.88s | ETA: 431.01s | Throughput: 143.28 MB/s
[5.86%] | Read: 0.7586s | Write: 0.1322s | Batch Time: 0.890793s | Total Time: 26.77s | ETA: 430.09s | Throughput: 143.69 MB/s
[6.05%] | Read: 0.7706s | Write: 0.1286s | Batch Time: 0.899168s | Total Time: 27.67s | ETA: 429.31s | Throughput: 142.35 MB/s
[6.25%] | Read: 0.7813s | Write: 0.1288s | Batch Time: 0.910127s | Total Time: 28.58s | ETA: 428.68s | Throughput: 140.64 MB/s
[6.45%] | Read: 0.7606s | Write: 0.1298s | Batch Time: 0.890381s | Total Time: 29.47s | ETA: 427.75s | Throughput: 143.76 MB/s
[6.64%] | Read: 0.7479s | Write: 0.1284s | Batch Time: 0.876338s | Total Time: 30.35s | ETA: 426.62s | Throughput: 146.06 MB/s
[6.84%] | Read: 0.7613s | Write: 0.1336s | Batch Time: 0.894957s | Total Time: 31.24s | ETA: 425.76s | Throughput: 143.02 MB/s
[7.03%] | Read: 0.7478s | Write: 0.1344s | Batch Time: 0.882232s | Total Time: 32.12s | ETA: 424.73s | Throughput: 145.09 MB/s
[7.23%] | Read: 0.7551s | Write: 0.1307s | Batch Time: 0.885805s | Total Time: 33.01s | ETA: 423.76s | Throughput: 144.50 MB/s
[7.42%] | Read: 0.7461s | Write: 0.1215s | Batch Time: 0.867635s | Total Time: 33.88s | ETA: 422.56s | Throughput: 147.53 MB/s
[7.62%] | Read: 0.7566s | Write: 0.1229s | Batch Time: 0.879489s | Total Time: 34.76s | ETA: 421.52s | Throughput: 145.54 MB/s
[7.81%] | Read: 0.7499s | Write: 0.1245s | Batch Time: 0.874400s | Total Time: 35.63s | ETA: 420.43s | Throughput: 146.39 MB/s
[8.01%] | Read: 0.7570s | Write: 0.1261s | Batch Time: 0.883162s | Total Time: 36.51s | ETA: 419.46s | Throughput: 144.93 MB/s
[8.20%] | Read: 0.7517s | Write: 0.1227s | Batch Time: 0.874423s | Total Time: 37.39s | ETA: 418.38s | Throughput: 146.38 MB/s
[8.40%] | Read: 0.7592s | Write: 0.1259s | Batch Time: 0.885144s | Total Time: 38.27s | ETA: 417.44s | Throughput: 144.61 MB/s
[8.59%] | Read: 0.7469s | Write: 0.1307s | Batch Time: 0.877666s | Total Time: 39.15s | ETA: 416.42s | Throughput: 145.84 MB/s
[8.79%] | Read: 0.7674s | Write: 0.1357s | Batch Time: 0.903042s | Total Time: 40.05s | ETA: 415.67s | Throughput: 141.74 MB/s
[8.98%] | Read: 0.7623s | Write: 0.1317s | Batch Time: 0.893969s | Total Time: 40.95s | ETA: 414.82s | Throughput: 143.18 MB/s
[9.18%] | Read: 0.7786s | Write: 0.1328s | Batch Time: 0.911456s | Total Time: 41.86s | ETA: 414.14s | Throughput: 140.43 MB/s
[9.38%] | Read: 0.7695s | Write: 0.1298s | Batch Time: 0.899382s | Total Time: 42.76s | ETA: 413.33s | Throughput: 142.32 MB/s
[9.57%] | Read: 0.8103s | Write: 0.1291s | Batch Time: 0.939383s | Total Time: 43.70s | ETA: 412.90s | Throughput: 136.26 MB/s
[9.77%] | Read: 0.7726s | Write: 0.1283s | Batch Time: 0.900939s | Total Time: 44.60s | ETA: 412.09s | Throughput: 142.07 MB/s
[9.96%] | Read: 0.7577s | Write: 0.1287s | Batch Time: 0.886400s | Total Time: 45.49s | ETA: 411.15s | Throughput: 144.40 MB/s
[10.16%] | Read: 0.7730s | Write: 0.1328s | Batch Time: 0.905777s | Total Time: 46.39s | ETA: 410.38s | Throughput: 141.32 MB/s
[10.35%] | Read: 0.7532s | Write: 0.1319s | Batch Time: 0.885120s | Total Time: 47.28s | ETA: 409.43s | Throughput: 144.61 MB/s
[10.55%] | Read: 0.7779s | Write: 0.1296s | Batch Time: 0.907500s | Total Time: 48.18s | ETA: 408.67s | Throughput: 141.05 MB/s
[10.74%] | Read: 0.7572s | Write: 0.1311s | Batch Time: 0.888240s | Total Time: 49.07s | ETA: 407.74s | Throughput: 144.11 MB/s
[10.94%] | Read: 0.7709s | Write: 0.1316s | Batch Time: 0.902486s | Total Time: 49.97s | ETA: 406.93s | Throughput: 141.83 MB/s
[11.13%] | Read: 0.7542s | Write: 0.1253s | Batch Time: 0.879569s | Total Time: 50.85s | ETA: 405.94s | Throughput: 145.53 MB/s
[11.33%] | Read: 0.7726s | Write: 0.1246s | Batch Time: 0.897188s | Total Time: 51.75s | ETA: 405.09s | Throughput: 142.67 MB/s
[11.52%] | Read: 0.7568s | Write: 0.1257s | Batch Time: 0.882473s | Total Time: 52.63s | ETA: 404.12s | Throughput: 145.05 MB/s
[11.72%] | Read: 0.7725s | Write: 0.1242s | Batch Time: 0.896720s | Total Time: 53.53s | ETA: 403.26s | Throughput: 142.74 MB/s
[11.91%] | Read: 0.7575s | Write: 0.1255s | Batch Time: 0.882988s | Total Time: 54.41s | ETA: 402.30s | Throughput: 144.96 MB/s
[12.11%] | Read: 0.7722s | Write: 0.1327s | Batch Time: 0.904860s | Total Time: 55.32s | ETA: 401.50s | Throughput: 141.46 MB/s
[12.30%] | Read: 0.7654s | Write: 0.1315s | Batch Time: 0.896946s | Total Time: 56.22s | ETA: 400.64s | Throughput: 142.71 MB/s
[12.50%] | Read: 0.7749s | Write: 0.1325s | Batch Time: 0.907385s | Total Time: 57.12s | ETA: 399.86s | Throughput: 141.06 MB/s
[12.70%] | Read: 0.7944s | Write: 0.1325s | Batch Time: 0.926994s | Total Time: 58.05s | ETA: 399.20s | Throughput: 138.08 MB/s
[12.89%] | Read: 0.7782s | Write: 0.1333s | Batch Time: 0.911517s | Total Time: 58.96s | ETA: 398.43s | Throughput: 140.43 MB/s
[13.09%] | Read: 0.7570s | Write: 0.1328s | Batch Time: 0.889802s | Total Time: 59.85s | ETA: 397.52s | Throughput: 143.85 MB/s
[13.28%] | Read: 0.7994s | Write: 0.1308s | Batch Time: 0.930223s | Total Time: 60.78s | ETA: 396.86s | Throughput: 137.60 MB/s
[13.48%] | Read: 0.7708s | Write: 0.1330s | Batch Time: 0.903783s | Total Time: 61.68s | ETA: 396.03s | Throughput: 141.63 MB/s
[13.67%] | Read: 0.7808s | Write: 0.1287s | Batch Time: 0.909433s | Total Time: 62.59s | ETA: 395.24s | Throughput: 140.75 MB/s
[13.87%] | Read: 0.7657s | Write: 0.1327s | Batch Time: 0.898345s | Total Time: 63.49s | ETA: 394.37s | Throughput: 142.48 MB/s
[14.06%] | Read: 0.7856s | Write: 0.1325s | Batch Time: 0.918073s | Total Time: 64.41s | ETA: 393.62s | Throughput: 139.42 MB/s
[14.26%] | Read: 0.7848s | Write: 0.1344s | Batch Time: 0.919150s | Total Time: 65.33s | ETA: 392.87s | Throughput: 139.26 MB/s
[14.45%] | Read: 0.7906s | Write: 0.1313s | Batch Time: 0.921909s | Total Time: 66.25s | ETA: 392.14s | Throughput: 138.84 MB/s
[14.65%] | Read: 0.7687s | Write: 0.1281s | Batch Time: 0.896734s | Total Time: 67.15s | ETA: 391.25s | Throughput: 142.74 MB/s
[14.84%] | Read: 0.7802s | Write: 0.1250s | Batch Time: 0.905201s | Total Time: 68.05s | ETA: 390.41s | Throughput: 141.41 MB/s
[15.04%] | Read: 0.7701s | Write: 0.1236s | Batch Time: 0.893691s | Total Time: 68.95s | ETA: 389.51s | Throughput: 143.23 MB/s
[15.23%] | Read: 0.7902s | Write: 0.1251s | Batch Time: 0.915236s | Total Time: 69.86s | ETA: 388.72s | Throughput: 139.85 MB/s
[15.43%] | Read: 0.7832s | Write: 0.1248s | Batch Time: 0.907983s | Total Time: 70.77s | ETA: 387.89s | Throughput: 140.97 MB/s
[15.62%] | Read: 0.7751s | Write: 0.1268s | Batch Time: 0.901907s | Total Time: 71.67s | ETA: 387.03s | Throughput: 141.92 MB/s
[15.82%] | Read: 0.7815s | Write: 0.1324s | Batch Time: 0.913924s | Total Time: 72.59s | ETA: 386.23s | Throughput: 140.06 MB/s
[16.02%] | Read: 0.7609s | Write: 0.1197s | Batch Time: 0.880671s | Total Time: 73.47s | ETA: 385.25s | Throughput: 145.34 MB/s
[16.21%] | Read: 0.7790s | Write: 0.1341s | Batch Time: 0.913074s | Total Time: 74.38s | ETA: 384.45s | Throughput: 140.19 MB/s
[16.41%] | Read: 0.7694s | Write: 0.1324s | Batch Time: 0.901875s | Total Time: 75.28s | ETA: 383.58s | Throughput: 141.93 MB/s
[16.60%] | Read: 0.7806s | Write: 0.1355s | Batch Time: 0.916122s | Total Time: 76.20s | ETA: 382.78s | Throughput: 139.72 MB/s
[16.80%] | Read: 0.7770s | Write: 0.1305s | Batch Time: 0.907540s | Total Time: 77.11s | ETA: 381.94s | Throughput: 141.04 MB/s
[16.99%] | Read: 0.7908s | Write: 0.1361s | Batch Time: 0.926907s | Total Time: 78.03s | ETA: 381.19s | Throughput: 138.09 MB/s
[17.19%] | Read: 0.7723s | Write: 0.1331s | Batch Time: 0.905413s | Total Time: 78.94s | ETA: 380.34s | Throughput: 141.37 MB/s
[17.38%] | Read: 0.7835s | Write: 0.1309s | Batch Time: 0.914326s | Total Time: 79.85s | ETA: 379.52s | Throughput: 139.99 MB/s
[17.58%] | Read: 0.7775s | Write: 0.1306s | Batch Time: 0.908080s | Total Time: 80.76s | ETA: 378.68s | Throughput: 140.96 MB/s
[17.77%] | Read: 0.7900s | Write: 0.1316s | Batch Time: 0.921613s | Total Time: 81.68s | ETA: 377.89s | Throughput: 138.89 MB/s
[17.97%] | Read: 0.7650s | Write: 0.1328s | Batch Time: 0.897794s | Total Time: 82.58s | ETA: 377.00s | Throughput: 142.57 MB/s
[18.16%] | Read: 0.7839s | Write: 0.1324s | Batch Time: 0.916293s | Total Time: 83.50s | ETA: 376.18s | Throughput: 139.69 MB/s
[18.36%] | Read: 0.7676s | Write: 0.1360s | Batch Time: 0.903622s | Total Time: 84.40s | ETA: 375.31s | Throughput: 141.65 MB/s
[18.55%] | Read: 0.7894s | Write: 0.1249s | Batch Time: 0.914349s | Total Time: 85.31s | ETA: 374.49s | Throughput: 139.99 MB/s
[18.75%] | Read: 0.7787s | Write: 0.1228s | Batch Time: 0.901471s | Total Time: 86.22s | ETA: 373.60s | Throughput: 141.99 MB/s
[18.95%] | Read: 0.7904s | Write: 0.1268s | Batch Time: 0.917175s | Total Time: 87.13s | ETA: 372.79s | Throughput: 139.56 MB/s
[19.14%] | Read: 0.7731s | Write: 0.1244s | Batch Time: 0.897565s | Total Time: 88.03s | ETA: 371.88s | Throughput: 142.61 MB/s
[19.34%] | Read: 0.7849s | Write: 0.1287s | Batch Time: 0.913560s | Total Time: 88.94s | ETA: 371.05s | Throughput: 140.11 MB/s
[19.53%] | Read: 0.7790s | Write: 0.1338s | Batch Time: 0.912726s | Total Time: 89.86s | ETA: 370.21s | Throughput: 140.24 MB/s
[19.73%] | Read: 0.7829s | Write: 0.1336s | Batch Time: 0.916443s | Total Time: 90.77s | ETA: 369.38s | Throughput: 139.67 MB/s
[19.92%] | Read: 0.7758s | Write: 0.1345s | Batch Time: 0.910333s | Total Time: 91.68s | ETA: 368.53s | Throughput: 140.61 MB/s
[20.12%] | Read: 0.7987s | Write: 0.1354s | Batch Time: 0.934102s | Total Time: 92.62s | ETA: 367.77s | Throughput: 137.03 MB/s
[20.31%] | Read: 0.7897s | Write: 0.1322s | Batch Time: 0.921850s | Total Time: 93.54s | ETA: 366.96s | Throughput: 138.85 MB/s
[20.51%] | Read: 0.8135s | Write: 0.1337s | Batch Time: 0.947123s | Total Time: 94.49s | ETA: 366.25s | Throughput: 135.15 MB/s
[20.70%] | Read: 0.7963s | Write: 0.1424s | Batch Time: 0.938725s | Total Time: 95.43s | ETA: 365.50s | Throughput: 136.36 MB/s
[20.90%] | Read: 0.8076s | Write: 0.1380s | Batch Time: 0.945604s | Total Time: 96.37s | ETA: 364.77s | Throughput: 135.36 MB/s
[21.09%] | Read: 0.8019s | Write: 0.1418s | Batch Time: 0.943736s | Total Time: 97.31s | ETA: 364.03s | Throughput: 135.63 MB/s
[21.29%] | Read: 0.8099s | Write: 0.1386s | Batch Time: 0.948484s | Total Time: 98.26s | ETA: 363.30s | Throughput: 134.95 MB/s
[21.48%] | Read: 0.7947s | Write: 0.1357s | Batch Time: 0.930370s | Total Time: 99.19s | ETA: 362.51s | Throughput: 137.58 MB/s
[21.68%] | Read: 0.8067s | Write: 0.1391s | Batch Time: 0.945750s | Total Time: 100.14s | ETA: 361.77s | Throughput: 135.34 MB/s
[21.88%] | Read: 0.7940s | Write: 0.1378s | Batch Time: 0.931782s | Total Time: 101.07s | ETA: 360.97s | Throughput: 137.37 MB/s
[22.07%] | Read: 0.8039s | Write: 0.1374s | Batch Time: 0.941263s | Total Time: 102.01s | ETA: 360.20s | Throughput: 135.99 MB/s
[22.27%] | Read: 0.7957s | Write: 0.1276s | Batch Time: 0.923385s | Total Time: 102.94s | ETA: 359.37s | Throughput: 138.62 MB/s
[22.46%] | Read: 0.8061s | Write: 0.1266s | Batch Time: 0.932713s | Total Time: 103.87s | ETA: 358.57s | Throughput: 137.23 MB/s
[22.66%] | Read: 0.7902s | Write: 0.1262s | Batch Time: 0.916353s | Total Time: 104.79s | ETA: 357.71s | Throughput: 139.68 MB/s
[22.85%] | Read: 0.8070s | Write: 0.1281s | Batch Time: 0.935111s | Total Time: 105.72s | ETA: 356.92s | Throughput: 136.88 MB/s
[23.05%] | Read: 0.7970s | Write: 0.1254s | Batch Time: 0.922393s | Total Time: 106.64s | ETA: 356.08s | Throughput: 138.77 MB/s
[23.24%] | Read: 0.8030s | Write: 0.1187s | Batch Time: 0.921648s | Total Time: 107.56s | ETA: 355.23s | Throughput: 138.88 MB/s
[23.44%] | Read: 0.7952s | Write: 0.1404s | Batch Time: 0.935554s | Total Time: 108.50s | ETA: 354.43s | Throughput: 136.82 MB/s
[23.63%] | Read: 0.8096s | Write: 0.1382s | Batch Time: 0.947712s | Total Time: 109.45s | ETA: 353.67s | Throughput: 135.06 MB/s
[23.83%] | Read: 0.7952s | Write: 0.1395s | Batch Time: 0.934765s | Total Time: 110.38s | ETA: 352.86s | Throughput: 136.93 MB/s
[24.02%] | Read: 0.8104s | Write: 0.1385s | Batch Time: 0.948837s | Total Time: 111.33s | ETA: 352.10s | Throughput: 134.90 MB/s
[24.22%] | Read: 0.7989s | Write: 0.1376s | Batch Time: 0.936461s | Total Time: 112.27s | ETA: 351.29s | Throughput: 136.68 MB/s
[24.41%] | Read: 0.8006s | Write: 0.1370s | Batch Time: 0.937594s | Total Time: 113.21s | ETA: 350.48s | Throughput: 136.52 MB/s
[24.61%] | Read: 0.7963s | Write: 0.1354s | Batch Time: 0.931734s | Total Time: 114.14s | ETA: 349.66s | Throughput: 137.38 MB/s
[24.80%] | Read: 0.7979s | Write: 0.1406s | Batch Time: 0.938467s | Total Time: 115.08s | ETA: 348.85s | Throughput: 136.39 MB/s
[25.00%] | Read: 0.7932s | Write: 0.1392s | Batch Time: 0.932397s | Total Time: 116.01s | ETA: 348.02s | Throughput: 137.28 MB/s
[25.20%] | Read: 0.8025s | Write: 0.1373s | Batch Time: 0.939786s | Total Time: 116.95s | ETA: 347.22s | Throughput: 136.20 MB/s
[25.39%] | Read: 0.7805s | Write: 0.1371s | Batch Time: 0.917634s | Total Time: 117.87s | ETA: 346.34s | Throughput: 139.49 MB/s
[25.59%] | Read: 0.8045s | Write: 0.1323s | Batch Time: 0.936827s | Total Time: 118.80s | ETA: 345.52s | Throughput: 136.63 MB/s
[25.78%] | Read: 0.7923s | Write: 0.1347s | Batch Time: 0.927047s | Total Time: 119.73s | ETA: 344.68s | Throughput: 138.07 MB/s
[25.98%] | Read: 0.7987s | Write: 0.1265s | Batch Time: 0.925137s | Total Time: 120.65s | ETA: 343.82s | Throughput: 138.36 MB/s
[26.17%] | Read: 0.7817s | Write: 0.1276s | Batch Time: 0.909240s | Total Time: 121.56s | ETA: 342.92s | Throughput: 140.78 MB/s
[26.37%] | Read: 0.8063s | Write: 0.1267s | Batch Time: 0.932971s | Total Time: 122.50s | ETA: 342.08s | Throughput: 137.20 MB/s
[26.56%] | Read: 0.7762s | Write: 0.1092s | Batch Time: 0.885407s | Total Time: 123.38s | ETA: 341.12s | Throughput: 144.57 MB/s
[26.76%] | Read: 0.8046s | Write: 0.1284s | Batch Time: 0.932972s | Total Time: 124.32s | ETA: 340.28s | Throughput: 137.20 MB/s
[26.95%] | Read: 0.7882s | Write: 0.1263s | Batch Time: 0.914527s | Total Time: 125.23s | ETA: 339.39s | Throughput: 139.96 MB/s
[27.15%] | Read: 0.8026s | Write: 0.1295s | Batch Time: 0.932141s | Total Time: 126.16s | ETA: 338.55s | Throughput: 137.32 MB/s
[27.34%] | Read: 0.7836s | Write: 0.1334s | Batch Time: 0.917040s | Total Time: 127.08s | ETA: 337.67s | Throughput: 139.58 MB/s
[27.54%] | Read: 0.7917s | Write: 0.1330s | Batch Time: 0.924691s | Total Time: 128.00s | ETA: 336.80s | Throughput: 138.42 MB/s
[27.73%] | Read: 0.7836s | Write: 0.1350s | Batch Time: 0.918560s | Total Time: 128.92s | ETA: 335.92s | Throughput: 139.35 MB/s
[27.93%] | Read: 0.7984s | Write: 0.1336s | Batch Time: 0.931996s | Total Time: 129.85s | ETA: 335.08s | Throughput: 137.34 MB/s
[28.12%] | Read: 0.7871s | Write: 0.1301s | Batch Time: 0.917154s | Total Time: 130.77s | ETA: 334.19s | Throughput: 139.56 MB/s
[28.32%] | Read: 0.7999s | Write: 0.1328s | Batch Time: 0.932706s | Total Time: 131.70s | ETA: 333.35s | Throughput: 137.24 MB/s
[28.52%] | Read: 0.7838s | Write: 0.1349s | Batch Time: 0.918693s | Total Time: 132.62s | ETA: 332.47s | Throughput: 139.33 MB/s
[28.71%] | Read: 0.8020s | Write: 0.1294s | Batch Time: 0.931435s | Total Time: 133.55s | ETA: 331.61s | Throughput: 137.42 MB/s
[28.91%] | Read: 0.7758s | Write: 0.1334s | Batch Time: 0.909275s | Total Time: 134.46s | ETA: 330.71s | Throughput: 140.77 MB/s
[29.10%] | Read: 0.7999s | Write: 0.1319s | Batch Time: 0.931762s | Total Time: 135.40s | ETA: 329.86s | Throughput: 137.37 MB/s
[29.30%] | Read: 0.7765s | Write: 0.1339s | Batch Time: 0.910341s | Total Time: 136.31s | ETA: 328.95s | Throughput: 140.61 MB/s
[29.49%] | Read: 0.7992s | Write: 0.1330s | Batch Time: 0.932246s | Total Time: 137.24s | ETA: 328.10s | Throughput: 137.30 MB/s
[29.69%] | Read: 0.7876s | Write: 0.1301s | Batch Time: 0.917695s | Total Time: 138.16s | ETA: 327.21s | Throughput: 139.48 MB/s
[29.88%] | Read: 0.7998s | Write: 0.1257s | Batch Time: 0.925535s | Total Time: 139.08s | ETA: 326.34s | Throughput: 138.30 MB/s
[30.08%] | Read: 0.7824s | Write: 0.1256s | Batch Time: 0.908022s | Total Time: 139.99s | ETA: 325.43s | Throughput: 140.97 MB/s
[30.27%] | Read: 0.7994s | Write: 0.1268s | Batch Time: 0.926198s | Total Time: 140.92s | ETA: 324.56s | Throughput: 138.20 MB/s
[30.47%] | Read: 0.7814s | Write: 0.1250s | Batch Time: 0.906411s | Total Time: 141.82s | ETA: 323.64s | Throughput: 141.22 MB/s
[30.66%] | Read: 0.7958s | Write: 0.1247s | Batch Time: 0.920525s | Total Time: 142.74s | ETA: 322.76s | Throughput: 139.05 MB/s
[30.86%] | Read: 0.7800s | Write: 0.1291s | Batch Time: 0.909136s | Total Time: 143.65s | ETA: 321.85s | Throughput: 140.79 MB/s
[31.05%] | Read: 0.7959s | Write: 0.1320s | Batch Time: 0.927865s | Total Time: 144.58s | ETA: 320.98s | Throughput: 137.95 MB/s
[31.25%] | Read: 0.7883s | Write: 0.1311s | Batch Time: 0.919420s | Total Time: 145.50s | ETA: 320.10s | Throughput: 139.22 MB/s
[31.45%] | Read: 0.7907s | Write: 0.1322s | Batch Time: 0.922898s | Total Time: 146.42s | ETA: 319.22s | Throughput: 138.69 MB/s
[31.64%] | Read: 0.7768s | Write: 0.1335s | Batch Time: 0.910253s | Total Time: 147.33s | ETA: 318.31s | Throughput: 140.62 MB/s
[31.84%] | Read: 0.7920s | Write: 0.1354s | Batch Time: 0.927410s | Total Time: 148.26s | ETA: 317.44s | Throughput: 138.02 MB/s
[32.03%] | Read: 0.7752s | Write: 0.1342s | Batch Time: 0.909370s | Total Time: 149.17s | ETA: 316.53s | Throughput: 140.76 MB/s
[32.23%] | Read: 0.7688s | Write: 0.1303s | Batch Time: 0.899129s | Total Time: 150.07s | ETA: 315.60s | Throughput: 142.36 MB/s
[32.42%] | Read: 0.7490s | Write: 0.1327s | Batch Time: 0.881720s | Total Time: 150.95s | ETA: 314.63s | Throughput: 145.17 MB/s
[32.62%] | Read: 0.7673s | Write: 0.1303s | Batch Time: 0.897650s | Total Time: 151.85s | ETA: 313.70s | Throughput: 142.59 MB/s
[32.81%] | Read: 0.7608s | Write: 0.1338s | Batch Time: 0.894649s | Total Time: 152.74s | ETA: 312.76s | Throughput: 143.07 MB/s
[33.01%] | Read: 0.7575s | Write: 0.1315s | Batch Time: 0.888931s | Total Time: 153.63s | ETA: 311.81s | Throughput: 143.99 MB/s
[33.20%] | Read: 0.7518s | Write: 0.1340s | Batch Time: 0.885747s | Total Time: 154.52s | ETA: 310.85s | Throughput: 144.51 MB/s
[33.40%] | Read: 0.7572s | Write: 0.1319s | Batch Time: 0.889079s | Total Time: 155.41s | ETA: 309.90s | Throughput: 143.97 MB/s
[33.59%] | Read: 0.7467s | Write: 0.1290s | Batch Time: 0.875659s | Total Time: 156.28s | ETA: 308.93s | Throughput: 146.18 MB/s
[33.79%] | Read: 0.7588s | Write: 0.1280s | Batch Time: 0.886739s | Total Time: 157.17s | ETA: 307.98s | Throughput: 144.35 MB/s
[33.98%] | Read: 0.7467s | Write: 0.1276s | Batch Time: 0.874351s | Total Time: 158.04s | ETA: 307.00s | Throughput: 146.39 MB/s
[34.18%] | Read: 0.7639s | Write: 0.1263s | Batch Time: 0.890248s | Total Time: 158.93s | ETA: 306.06s | Throughput: 143.78 MB/s
[34.38%] | Read: 0.7483s | Write: 0.1226s | Batch Time: 0.870884s | Total Time: 159.80s | ETA: 305.08s | Throughput: 146.98 MB/s
[34.57%] | Read: 0.7602s | Write: 0.1263s | Batch Time: 0.886490s | Total Time: 160.69s | ETA: 304.13s | Throughput: 144.39 MB/s
[34.77%] | Read: 0.7487s | Write: 0.1241s | Batch Time: 0.872819s | Total Time: 161.56s | ETA: 303.16s | Throughput: 146.65 MB/s
[34.96%] | Read: 0.7801s | Write: 0.1339s | Batch Time: 0.914006s | Total Time: 162.48s | ETA: 302.26s | Throughput: 140.04 MB/s
[35.16%] | Read: 0.7656s | Write: 0.1341s | Batch Time: 0.899652s | Total Time: 163.38s | ETA: 301.34s | Throughput: 142.28 MB/s
[35.35%] | Read: 0.7873s | Write: 0.1298s | Batch Time: 0.917033s | Total Time: 164.29s | ETA: 300.45s | Throughput: 139.58 MB/s
[35.55%] | Read: 0.7651s | Write: 0.1335s | Batch Time: 0.898599s | Total Time: 165.19s | ETA: 299.52s | Throughput: 142.44 MB/s
[35.74%] | Read: 0.7824s | Write: 0.1341s | Batch Time: 0.916563s | Total Time: 166.11s | ETA: 298.63s | Throughput: 139.65 MB/s
[35.94%] | Read: 0.7706s | Write: 0.1287s | Batch Time: 0.899296s | Total Time: 167.01s | ETA: 297.71s | Throughput: 142.33 MB/s
[36.13%] | Read: 0.7829s | Write: 0.1311s | Batch Time: 0.914021s | Total Time: 167.92s | ETA: 296.81s | Throughput: 140.04 MB/s
[36.33%] | Read: 0.7684s | Write: 0.1342s | Batch Time: 0.902636s | Total Time: 168.82s | ETA: 295.90s | Throughput: 141.81 MB/s
[36.52%] | Read: 0.7826s | Write: 0.1334s | Batch Time: 0.915929s | Total Time: 169.74s | ETA: 295.00s | Throughput: 139.75 MB/s
[36.72%] | Read: 0.7532s | Write: 0.1289s | Batch Time: 0.882119s | Total Time: 170.62s | ETA: 294.05s | Throughput: 145.11 MB/s
[36.91%] | Read: 0.7711s | Write: 0.1330s | Batch Time: 0.904078s | Total Time: 171.53s | ETA: 293.14s | Throughput: 141.58 MB/s
[37.11%] | Read: 0.8083s | Write: 0.1319s | Batch Time: 0.940251s | Total Time: 172.47s | ETA: 292.29s | Throughput: 136.13 MB/s
[37.30%] | Read: 0.8234s | Write: 0.1361s | Batch Time: 0.959525s | Total Time: 173.43s | ETA: 291.47s | Throughput: 133.40 MB/s
[37.50%] | Read: 0.8204s | Write: 0.1356s | Batch Time: 0.956035s | Total Time: 174.38s | ETA: 290.64s | Throughput: 133.89 MB/s
[37.70%] | Read: 0.8262s | Write: 0.1292s | Batch Time: 0.955451s | Total Time: 175.34s | ETA: 289.81s | Throughput: 133.97 MB/s
[37.89%] | Read: 0.8038s | Write: 0.1268s | Batch Time: 0.930558s | Total Time: 176.27s | ETA: 288.94s | Throughput: 137.55 MB/s
[38.09%] | Read: 0.8144s | Write: 0.1244s | Batch Time: 0.938812s | Total Time: 177.21s | ETA: 288.08s | Throughput: 136.34 MB/s
[38.28%] | Read: 0.7933s | Write: 0.1118s | Batch Time: 0.905038s | Total Time: 178.11s | ETA: 287.16s | Throughput: 141.43 MB/s
[38.48%] | Read: 0.8201s | Write: 0.1229s | Batch Time: 0.943007s | Total Time: 179.06s | ETA: 286.31s | Throughput: 135.74 MB/s
[38.67%] | Read: 0.8100s | Write: 0.1271s | Batch Time: 0.937096s | Total Time: 179.99s | ETA: 285.44s | Throughput: 136.59 MB/s
[38.87%] | Read: 0.8357s | Write: 0.1323s | Batch Time: 0.968072s | Total Time: 180.96s | ETA: 284.63s | Throughput: 132.22 MB/s
[39.06%] | Read: 0.8081s | Write: 0.1355s | Batch Time: 0.943564s | Total Time: 181.90s | ETA: 283.77s | Throughput: 135.66 MB/s
[39.26%] | Read: 0.8186s | Write: 0.1358s | Batch Time: 0.954439s | Total Time: 182.86s | ETA: 282.93s | Throughput: 134.11 MB/s
[39.45%] | Read: 0.8059s | Write: 0.1371s | Batch Time: 0.943076s | Total Time: 183.80s | ETA: 282.07s | Throughput: 135.73 MB/s
[39.65%] | Read: 0.8207s | Write: 0.1407s | Batch Time: 0.961342s | Total Time: 184.76s | ETA: 281.24s | Throughput: 133.15 MB/s
[39.84%] | Read: 0.8095s | Write: 0.1340s | Batch Time: 0.943430s | Total Time: 185.71s | ETA: 280.38s | Throughput: 135.68 MB/s
[40.04%] | Read: 0.8237s | Write: 0.1382s | Batch Time: 0.961894s | Total Time: 186.67s | ETA: 279.55s | Throughput: 133.07 MB/s
[40.23%] | Read: 0.8150s | Write: 0.1359s | Batch Time: 0.950897s | Total Time: 187.62s | ETA: 278.70s | Throughput: 134.61 MB/s
[40.43%] | Read: 0.8271s | Write: 0.1439s | Batch Time: 0.971005s | Total Time: 188.59s | ETA: 277.88s | Throughput: 131.82 MB/s
[40.62%] | Read: 0.8056s | Write: 0.1381s | Batch Time: 0.943744s | Total Time: 189.53s | ETA: 277.01s | Throughput: 135.63 MB/s
[40.82%] | Read: 0.8281s | Write: 0.1395s | Batch Time: 0.967611s | Total Time: 190.50s | ETA: 276.18s | Throughput: 132.28 MB/s
[41.02%] | Read: 0.8105s | Write: 0.1364s | Batch Time: 0.946876s | Total Time: 191.45s | ETA: 275.32s | Throughput: 135.18 MB/s
[41.21%] | Read: 0.8249s | Write: 0.1371s | Batch Time: 0.962007s | Total Time: 192.41s | ETA: 274.48s | Throughput: 133.06 MB/s
[41.41%] | Read: 0.8089s | Write: 0.1369s | Batch Time: 0.945838s | Total Time: 193.36s | ETA: 273.62s | Throughput: 135.33 MB/s
[41.60%] | Read: 0.8214s | Write: 0.1272s | Batch Time: 0.948619s | Total Time: 194.31s | ETA: 272.76s | Throughput: 134.93 MB/s
[41.80%] | Read: 0.8091s | Write: 0.1223s | Batch Time: 0.931399s | Total Time: 195.24s | ETA: 271.87s | Throughput: 137.43 MB/s
[41.99%] | Read: 0.8235s | Write: 0.1237s | Batch Time: 0.947184s | Total Time: 196.18s | ETA: 271.01s | Throughput: 135.14 MB/s
[42.19%] | Read: 0.8013s | Write: 0.1253s | Batch Time: 0.926593s | Total Time: 197.11s | ETA: 270.11s | Throughput: 138.14 MB/s
[42.38%] | Read: 0.8242s | Write: 0.1265s | Batch Time: 0.950704s | Total Time: 198.06s | ETA: 269.25s | Throughput: 134.64 MB/s
[42.58%] | Read: 0.8064s | Write: 0.1239s | Batch Time: 0.930204s | Total Time: 198.99s | ETA: 268.36s | Throughput: 137.60 MB/s
[42.77%] | Read: 0.7963s | Write: 0.1290s | Batch Time: 0.925367s | Total Time: 199.92s | ETA: 267.47s | Throughput: 138.32 MB/s
[42.97%] | Read: 0.7669s | Write: 0.1322s | Batch Time: 0.899117s | Total Time: 200.82s | ETA: 266.54s | Throughput: 142.36 MB/s
[43.16%] | Read: 0.7846s | Write: 0.1319s | Batch Time: 0.916498s | Total Time: 201.73s | ETA: 265.63s | Throughput: 139.66 MB/s
[43.36%] | Read: 0.7676s | Write: 0.1327s | Batch Time: 0.900272s | Total Time: 202.63s | ETA: 264.70s | Throughput: 142.18 MB/s
[43.55%] | Read: 0.7918s | Write: 0.1307s | Batch Time: 0.922539s | Total Time: 203.56s | ETA: 263.80s | Throughput: 138.75 MB/s
[43.75%] | Read: 0.7723s | Write: 0.1284s | Batch Time: 0.900674s | Total Time: 204.46s | ETA: 262.87s | Throughput: 142.12 MB/s
[43.95%] | Read: 0.7848s | Write: 0.1317s | Batch Time: 0.916458s | Total Time: 205.37s | ETA: 261.96s | Throughput: 139.67 MB/s
[44.14%] | Read: 0.7679s | Write: 0.1309s | Batch Time: 0.898833s | Total Time: 206.27s | ETA: 261.03s | Throughput: 142.41 MB/s
[44.34%] | Read: 0.7887s | Write: 0.1305s | Batch Time: 0.919242s | Total Time: 207.19s | ETA: 260.13s | Throughput: 139.25 MB/s
[44.53%] | Read: 0.7742s | Write: 0.1307s | Batch Time: 0.904904s | Total Time: 208.10s | ETA: 259.21s | Throughput: 141.45 MB/s
[44.73%] | Read: 0.7855s | Write: 0.1305s | Batch Time: 0.915967s | Total Time: 209.01s | ETA: 258.30s | Throughput: 139.74 MB/s
[44.92%] | Read: 0.7726s | Write: 0.1286s | Batch Time: 0.901155s | Total Time: 209.91s | ETA: 257.37s | Throughput: 142.04 MB/s
[45.12%] | Read: 0.7844s | Write: 0.1315s | Batch Time: 0.915905s | Total Time: 210.83s | ETA: 256.46s | Throughput: 139.75 MB/s
[45.31%] | Read: 0.7681s | Write: 0.1292s | Batch Time: 0.897340s | Total Time: 211.73s | ETA: 255.53s | Throughput: 142.64 MB/s
[45.51%] | Read: 0.7821s | Write: 0.1276s | Batch Time: 0.909615s | Total Time: 212.64s | ETA: 254.62s | Throughput: 140.72 MB/s
[45.70%] | Read: 0.7607s | Write: 0.1235s | Batch Time: 0.884179s | Total Time: 213.52s | ETA: 253.67s | Throughput: 144.77 MB/s
[45.90%] | Read: 0.7759s | Write: 0.1234s | Batch Time: 0.899290s | Total Time: 214.42s | ETA: 252.74s | Throughput: 142.33 MB/s
[46.09%] | Read: 0.7601s | Write: 0.1263s | Batch Time: 0.886379s | Total Time: 215.31s | ETA: 251.80s | Throughput: 144.41 MB/s
[46.29%] | Read: 0.7815s | Write: 0.1240s | Batch Time: 0.905534s | Total Time: 216.21s | ETA: 250.88s | Throughput: 141.35 MB/s
[46.48%] | Read: 0.7588s | Write: 0.1269s | Batch Time: 0.885633s | Total Time: 217.10s | ETA: 249.93s | Throughput: 144.53 MB/s
[46.68%] | Read: 0.7817s | Write: 0.1386s | Batch Time: 0.920266s | Total Time: 218.02s | ETA: 249.03s | Throughput: 139.09 MB/s
[46.88%] | Read: 0.7610s | Write: 0.1418s | Batch Time: 0.902880s | Total Time: 218.92s | ETA: 248.11s | Throughput: 141.77 MB/s
[47.07%] | Read: 0.7743s | Write: 0.1368s | Batch Time: 0.911101s | Total Time: 219.83s | ETA: 247.20s | Throughput: 140.49 MB/s
[47.27%] | Read: 0.7634s | Write: 0.1355s | Batch Time: 0.898884s | Total Time: 220.73s | ETA: 246.27s | Throughput: 142.40 MB/s
[47.46%] | Read: 0.7758s | Write: 0.1361s | Batch Time: 0.911897s | Total Time: 221.64s | ETA: 245.36s | Throughput: 140.37 MB/s
[47.66%] | Read: 0.7597s | Write: 0.1360s | Batch Time: 0.895722s | Total Time: 222.54s | ETA: 244.43s | Throughput: 142.90 MB/s
[47.85%] | Read: 0.7724s | Write: 0.1448s | Batch Time: 0.917171s | Total Time: 223.45s | ETA: 243.52s | Throughput: 139.56 MB/s
[48.05%] | Read: 0.7631s | Write: 0.1521s | Batch Time: 0.915155s | Total Time: 224.37s | ETA: 242.61s | Throughput: 139.87 MB/s
[48.24%] | Read: 0.7557s | Write: 0.1444s | Batch Time: 0.900053s | Total Time: 225.27s | ETA: 241.69s | Throughput: 142.21 MB/s
[48.44%] | Read: 0.7425s | Write: 0.1422s | Batch Time: 0.884697s | Total Time: 226.15s | ETA: 240.75s | Throughput: 144.68 MB/s
[48.63%] | Read: 0.7538s | Write: 0.1435s | Batch Time: 0.897297s | Total Time: 227.05s | ETA: 239.82s | Throughput: 142.65 MB/s
[48.83%] | Read: 0.7477s | Write: 0.1413s | Batch Time: 0.889057s | Total Time: 227.94s | ETA: 238.88s | Throughput: 143.97 MB/s
[49.02%] | Read: 0.7542s | Write: 0.1432s | Batch Time: 0.897370s | Total Time: 228.84s | ETA: 237.96s | Throughput: 142.64 MB/s
[49.22%] | Read: 0.7446s | Write: 0.1415s | Batch Time: 0.886095s | Total Time: 229.72s | ETA: 237.02s | Throughput: 144.45 MB/s
[49.41%] | Read: 0.7579s | Write: 0.1420s | Batch Time: 0.899902s | Total Time: 230.62s | ETA: 236.09s | Throughput: 142.24 MB/s
[49.61%] | Read: 0.7449s | Write: 0.1272s | Batch Time: 0.872047s | Total Time: 231.50s | ETA: 235.14s | Throughput: 146.78 MB/s
[49.80%] | Read: 0.7604s | Write: 0.1301s | Batch Time: 0.890452s | Total Time: 232.39s | ETA: 234.21s | Throughput: 143.75 MB/s
[50.00%] | Read: 0.7562s | Write: 0.1307s | Batch Time: 0.886865s | Total Time: 233.27s | ETA: 233.27s | Throughput: 144.33 MB/s
[50.20%] | Read: 0.7731s | Write: 0.1326s | Batch Time: 0.905712s | Total Time: 234.18s | ETA: 232.36s | Throughput: 141.33 MB/s
[50.39%] | Read: 0.7628s | Write: 0.1318s | Batch Time: 0.894611s | Total Time: 235.07s | ETA: 231.43s | Throughput: 143.08 MB/s
[50.59%] | Read: 0.7719s | Write: 0.1313s | Batch Time: 0.903226s | Total Time: 235.98s | ETA: 230.51s | Throughput: 141.71 MB/s
[50.78%] | Read: 0.7508s | Write: 0.1406s | Batch Time: 0.891339s | Total Time: 236.87s | ETA: 229.58s | Throughput: 143.60 MB/s
[50.98%] | Read: 0.7680s | Write: 0.1416s | Batch Time: 0.909617s | Total Time: 237.78s | ETA: 228.67s | Throughput: 140.72 MB/s
[51.17%] | Read: 0.7537s | Write: 0.1446s | Batch Time: 0.898372s | Total Time: 238.68s | ETA: 227.75s | Throughput: 142.48 MB/s
[51.37%] | Read: 0.7674s | Write: 0.1433s | Batch Time: 0.910654s | Total Time: 239.59s | ETA: 226.83s | Throughput: 140.56 MB/s
[51.56%] | Read: 0.7599s | Write: 0.1436s | Batch Time: 0.903479s | Total Time: 240.49s | ETA: 225.92s | Throughput: 141.67 MB/s
[51.76%] | Read: 0.7686s | Write: 0.1432s | Batch Time: 0.911861s | Total Time: 241.40s | ETA: 225.01s | Throughput: 140.37 MB/s
[51.95%] | Read: 0.7521s | Write: 0.1452s | Batch Time: 0.897233s | Total Time: 242.30s | ETA: 224.08s | Throughput: 142.66 MB/s
[52.15%] | Read: 0.7582s | Write: 0.1431s | Batch Time: 0.901280s | Total Time: 243.20s | ETA: 223.16s | Throughput: 142.02 MB/s
[52.34%] | Read: 0.7559s | Write: 0.1414s | Batch Time: 0.897326s | Total Time: 244.10s | ETA: 222.24s | Throughput: 142.65 MB/s
[52.54%] | Read: 0.7671s | Write: 0.1460s | Batch Time: 0.913076s | Total Time: 245.01s | ETA: 221.33s | Throughput: 140.19 MB/s
[52.73%] | Read: 0.7495s | Write: 0.1444s | Batch Time: 0.893886s | Total Time: 245.91s | ETA: 220.40s | Throughput: 143.20 MB/s
[52.93%] | Read: 0.7590s | Write: 0.1416s | Batch Time: 0.900618s | Total Time: 246.81s | ETA: 219.48s | Throughput: 142.12 MB/s
[53.12%] | Read: 0.7537s | Write: 0.1428s | Batch Time: 0.896444s | Total Time: 247.70s | ETA: 218.56s | Throughput: 142.79 MB/s
[53.32%] | Read: 0.7611s | Write: 0.1430s | Batch Time: 0.904135s | Total Time: 248.61s | ETA: 217.64s | Throughput: 141.57 MB/s
[53.52%] | Read: 0.7524s | Write: 0.1469s | Batch Time: 0.899317s | Total Time: 249.51s | ETA: 216.72s | Throughput: 142.33 MB/s
[53.71%] | Read: 0.7849s | Write: 0.1329s | Batch Time: 0.917831s | Total Time: 250.42s | ETA: 215.82s | Throughput: 139.46 MB/s
[53.91%] | Read: 0.7839s | Write: 0.1301s | Batch Time: 0.913983s | Total Time: 251.34s | ETA: 214.91s | Throughput: 140.05 MB/s
[54.10%] | Read: 0.7903s | Write: 0.1304s | Batch Time: 0.920684s | Total Time: 252.26s | ETA: 214.01s | Throughput: 139.03 MB/s
[54.30%] | Read: 0.7734s | Write: 0.1331s | Batch Time: 0.906504s | Total Time: 253.17s | ETA: 213.10s | Throughput: 141.20 MB/s
[54.49%] | Read: 0.7869s | Write: 0.1299s | Batch Time: 0.916720s | Total Time: 254.08s | ETA: 212.19s | Throughput: 139.63 MB/s
[54.69%] | Read: 0.7822s | Write: 0.1320s | Batch Time: 0.914179s | Total Time: 255.00s | ETA: 211.28s | Throughput: 140.02 MB/s
[54.88%] | Read: 0.7967s | Write: 0.1354s | Batch Time: 0.932180s | Total Time: 255.93s | ETA: 210.39s | Throughput: 137.31 MB/s
[55.08%] | Read: 0.7843s | Write: 0.1361s | Batch Time: 0.920361s | Total Time: 256.85s | ETA: 209.49s | Throughput: 139.08 MB/s
[55.27%] | Read: 0.8008s | Write: 0.1421s | Batch Time: 0.942877s | Total Time: 257.79s | ETA: 208.60s | Throughput: 135.75 MB/s
[55.47%] | Read: 0.7784s | Write: 0.1396s | Batch Time: 0.917978s | Total Time: 258.71s | ETA: 207.70s | Throughput: 139.44 MB/s
[55.66%] | Read: 0.7885s | Write: 0.1405s | Batch Time: 0.929016s | Total Time: 259.64s | ETA: 206.80s | Throughput: 137.78 MB/s
[55.86%] | Read: 0.7837s | Write: 0.1350s | Batch Time: 0.918693s | Total Time: 260.56s | ETA: 205.89s | Throughput: 139.33 MB/s
[56.05%] | Read: 0.7986s | Write: 0.1386s | Batch Time: 0.937189s | Total Time: 261.49s | ETA: 205.00s | Throughput: 136.58 MB/s
[56.25%] | Read: 0.7900s | Write: 0.1373s | Batch Time: 0.927307s | Total Time: 262.42s | ETA: 204.11s | Throughput: 138.03 MB/s
[56.45%] | Read: 0.7993s | Write: 0.1384s | Batch Time: 0.937695s | Total Time: 263.36s | ETA: 203.22s | Throughput: 136.50 MB/s
[56.64%] | Read: 0.7822s | Write: 0.1364s | Batch Time: 0.918590s | Total Time: 264.28s | ETA: 202.31s | Throughput: 139.34 MB/s
[56.84%] | Read: 0.7924s | Write: 0.1396s | Batch Time: 0.931958s | Total Time: 265.21s | ETA: 201.41s | Throughput: 137.35 MB/s
[57.03%] | Read: 0.7807s | Write: 0.1407s | Batch Time: 0.921434s | Total Time: 266.13s | ETA: 200.51s | Throughput: 138.91 MB/s
[57.23%] | Read: 0.7959s | Write: 0.1405s | Batch Time: 0.936426s | Total Time: 267.07s | ETA: 199.62s | Throughput: 136.69 MB/s
[57.42%] | Read: 0.7800s | Write: 0.1371s | Batch Time: 0.917076s | Total Time: 267.99s | ETA: 198.71s | Throughput: 139.57 MB/s
[57.62%] | Read: 0.8035s | Write: 0.1346s | Batch Time: 0.938142s | Total Time: 268.92s | ETA: 197.82s | Throughput: 136.44 MB/s
[57.81%] | Read: 0.7826s | Write: 0.1332s | Batch Time: 0.915730s | Total Time: 269.84s | ETA: 196.91s | Throughput: 139.78 MB/s
[58.01%] | Read: 0.7951s | Write: 0.1310s | Batch Time: 0.926046s | Total Time: 270.77s | ETA: 196.01s | Throughput: 138.22 MB/s
[58.20%] | Read: 0.7930s | Write: 0.1293s | Batch Time: 0.922265s | Total Time: 271.69s | ETA: 195.10s | Throughput: 138.79 MB/s
[58.40%] | Read: 0.7959s | Write: 0.1303s | Batch Time: 0.926258s | Total Time: 272.61s | ETA: 194.20s | Throughput: 138.19 MB/s
[58.59%] | Read: 0.7818s | Write: 0.1299s | Batch Time: 0.911645s | Total Time: 273.53s | ETA: 193.29s | Throughput: 140.41 MB/s
[58.79%] | Read: 0.7901s | Write: 0.1343s | Batch Time: 0.924385s | Total Time: 274.45s | ETA: 192.39s | Throughput: 138.47 MB/s
[58.98%] | Read: 0.7695s | Write: 0.1429s | Batch Time: 0.912383s | Total Time: 275.36s | ETA: 191.48s | Throughput: 140.29 MB/s
[59.18%] | Read: 0.7643s | Write: 0.1418s | Batch Time: 0.906141s | Total Time: 276.27s | ETA: 190.56s | Throughput: 141.26 MB/s
[59.38%] | Read: 0.7503s | Write: 0.1447s | Batch Time: 0.894934s | Total Time: 277.16s | ETA: 189.64s | Throughput: 143.03 MB/s
[59.57%] | Read: 0.7585s | Write: 0.1437s | Batch Time: 0.902193s | Total Time: 278.07s | ETA: 188.72s | Throughput: 141.88 MB/s
[59.77%] | Read: 0.7435s | Write: 0.1454s | Batch Time: 0.888925s | Total Time: 278.95s | ETA: 187.79s | Throughput: 143.99 MB/s
[59.96%] | Read: 0.7583s | Write: 0.1417s | Batch Time: 0.900058s | Total Time: 279.85s | ETA: 186.87s | Throughput: 142.21 MB/s
[60.16%] | Read: 0.7483s | Write: 0.1408s | Batch Time: 0.889082s | Total Time: 280.74s | ETA: 185.95s | Throughput: 143.97 MB/s
[60.35%] | Read: 0.7594s | Write: 0.1393s | Batch Time: 0.898684s | Total Time: 281.64s | ETA: 185.03s | Throughput: 142.43 MB/s
[60.55%] | Read: 0.7479s | Write: 0.1434s | Batch Time: 0.891285s | Total Time: 282.53s | ETA: 184.10s | Throughput: 143.61 MB/s
[60.74%] | Read: 0.7604s | Write: 0.1469s | Batch Time: 0.907351s | Total Time: 283.44s | ETA: 183.19s | Throughput: 141.07 MB/s
[60.94%] | Read: 0.7559s | Write: 0.1398s | Batch Time: 0.895722s | Total Time: 284.34s | ETA: 182.27s | Throughput: 142.90 MB/s
[61.13%] | Read: 0.7677s | Write: 0.1395s | Batch Time: 0.907194s | Total Time: 285.24s | ETA: 181.35s | Throughput: 141.09 MB/s
[61.33%] | Read: 0.7435s | Write: 0.1457s | Batch Time: 0.889257s | Total Time: 286.13s | ETA: 180.43s | Throughput: 143.94 MB/s
[61.52%] | Read: 0.7581s | Write: 0.1417s | Batch Time: 0.899856s | Total Time: 287.03s | ETA: 179.51s | Throughput: 142.24 MB/s
[61.72%] | Read: 0.7454s | Write: 0.1474s | Batch Time: 0.892792s | Total Time: 287.93s | ETA: 178.59s | Throughput: 143.37 MB/s
[61.91%] | Read: 0.7646s | Write: 0.1310s | Batch Time: 0.895630s | Total Time: 288.82s | ETA: 177.67s | Throughput: 142.92 MB/s
[62.11%] | Read: 0.7593s | Write: 0.1275s | Batch Time: 0.886753s | Total Time: 289.71s | ETA: 176.74s | Throughput: 144.35 MB/s
[62.30%] | Read: 0.7644s | Write: 0.1319s | Batch Time: 0.896280s | Total Time: 290.60s | ETA: 175.82s | Throughput: 142.81 MB/s
[62.50%] | Read: 0.7469s | Write: 0.1305s | Batch Time: 0.877383s | Total Time: 291.48s | ETA: 174.89s | Throughput: 145.89 MB/s
[62.70%] | Read: 0.7684s | Write: 0.1289s | Batch Time: 0.897345s | Total Time: 292.38s | ETA: 173.97s | Throughput: 142.64 MB/s
[62.89%] | Read: 0.7459s | Write: 0.1298s | Batch Time: 0.875669s | Total Time: 293.25s | ETA: 173.04s | Throughput: 146.17 MB/s
[63.09%] | Read: 0.7655s | Write: 0.1413s | Batch Time: 0.906803s | Total Time: 294.16s | ETA: 172.13s | Throughput: 141.16 MB/s
[63.28%] | Read: 0.7460s | Write: 0.1444s | Batch Time: 0.890430s | Total Time: 295.05s | ETA: 171.20s | Throughput: 143.75 MB/s
[63.48%] | Read: 0.7593s | Write: 0.1437s | Batch Time: 0.902983s | Total Time: 295.96s | ETA: 170.29s | Throughput: 141.75 MB/s
[63.67%] | Read: 0.7512s | Write: 0.1452s | Batch Time: 0.896404s | Total Time: 296.85s | ETA: 169.37s | Throughput: 142.79 MB/s
[63.87%] | Read: 0.7623s | Write: 0.1434s | Batch Time: 0.905633s | Total Time: 297.76s | ETA: 168.46s | Throughput: 141.34 MB/s
[64.06%] | Read: 0.7484s | Write: 0.1456s | Batch Time: 0.894067s | Total Time: 298.65s | ETA: 167.54s | Throughput: 143.17 MB/s
[64.26%] | Read: 0.7665s | Write: 0.1458s | Batch Time: 0.912220s | Total Time: 299.56s | ETA: 166.63s | Throughput: 140.32 MB/s
[64.45%] | Read: 0.7778s | Write: 0.1462s | Batch Time: 0.924073s | Total Time: 300.49s | ETA: 165.72s | Throughput: 138.52 MB/s
[64.65%] | Read: 0.8159s | Write: 0.1420s | Batch Time: 0.957858s | Total Time: 301.45s | ETA: 164.84s | Throughput: 133.63 MB/s
[64.84%] | Read: 0.7998s | Write: 0.1475s | Batch Time: 0.947277s | Total Time: 302.39s | ETA: 163.95s | Throughput: 135.12 MB/s
[65.04%] | Read: 0.8065s | Write: 0.1435s | Batch Time: 0.949952s | Total Time: 303.34s | ETA: 163.06s | Throughput: 134.74 MB/s
[65.23%] | Read: 0.7930s | Write: 0.1460s | Batch Time: 0.939009s | Total Time: 304.28s | ETA: 162.16s | Throughput: 136.31 MB/s
[65.43%] | Read: 0.8162s | Write: 0.1442s | Batch Time: 0.960361s | Total Time: 305.24s | ETA: 161.28s | Throughput: 133.28 MB/s
[65.62%] | Read: 0.7911s | Write: 0.1449s | Batch Time: 0.936011s | Total Time: 306.18s | ETA: 160.38s | Throughput: 136.75 MB/s
[65.82%] | Read: 0.8104s | Write: 0.1438s | Batch Time: 0.954162s | Total Time: 307.13s | ETA: 159.49s | Throughput: 134.15 MB/s
[66.02%] | Read: 0.7965s | Write: 0.1303s | Batch Time: 0.926762s | Total Time: 308.06s | ETA: 158.59s | Throughput: 138.12 MB/s
[66.21%] | Read: 0.8116s | Write: 0.1332s | Batch Time: 0.944788s | Total Time: 309.00s | ETA: 157.69s | Throughput: 135.48 MB/s
[66.41%] | Read: 0.7956s | Write: 0.1309s | Batch Time: 0.926541s | Total Time: 309.93s | ETA: 156.79s | Throughput: 138.15 MB/s
[66.60%] | Read: 0.8097s | Write: 0.1288s | Batch Time: 0.938508s | Total Time: 310.87s | ETA: 155.89s | Throughput: 136.39 MB/s
[66.80%] | Read: 0.7957s | Write: 0.1320s | Batch Time: 0.927697s | Total Time: 311.80s | ETA: 154.99s | Throughput: 137.98 MB/s
[66.99%] | Read: 0.8130s | Write: 0.1317s | Batch Time: 0.944708s | Total Time: 312.74s | ETA: 154.09s | Throughput: 135.49 MB/s
[67.19%] | Read: 0.8006s | Write: 0.1436s | Batch Time: 0.944251s | Total Time: 313.69s | ETA: 153.20s | Throughput: 135.56 MB/s
[67.38%] | Read: 0.8064s | Write: 0.1433s | Batch Time: 0.949699s | Total Time: 314.64s | ETA: 152.30s | Throughput: 134.78 MB/s
[67.58%] | Read: 0.7939s | Write: 0.1447s | Batch Time: 0.938569s | Total Time: 315.57s | ETA: 151.40s | Throughput: 136.38 MB/s
[67.77%] | Read: 0.8046s | Write: 0.1433s | Batch Time: 0.947941s | Total Time: 316.52s | ETA: 150.51s | Throughput: 135.03 MB/s
[67.97%] | Read: 0.7820s | Write: 0.1406s | Batch Time: 0.922621s | Total Time: 317.44s | ETA: 149.60s | Throughput: 138.74 MB/s
[68.16%] | Read: 0.7888s | Write: 0.1421s | Batch Time: 0.930860s | Total Time: 318.38s | ETA: 148.70s | Throughput: 137.51 MB/s
[68.36%] | Read: 0.7715s | Write: 0.1419s | Batch Time: 0.913345s | Total Time: 319.29s | ETA: 147.79s | Throughput: 140.14 MB/s
[68.55%] | Read: 0.7839s | Write: 0.1434s | Batch Time: 0.927281s | Total Time: 320.22s | ETA: 146.88s | Throughput: 138.04 MB/s
[68.75%] | Read: 0.7652s | Write: 0.1454s | Batch Time: 0.910617s | Total Time: 321.13s | ETA: 145.97s | Throughput: 140.56 MB/s
[68.95%] | Read: 0.7887s | Write: 0.1417s | Batch Time: 0.930376s | Total Time: 322.06s | ETA: 145.06s | Throughput: 137.58 MB/s
[69.14%] | Read: 0.7705s | Write: 0.1407s | Batch Time: 0.911167s | Total Time: 322.97s | ETA: 144.15s | Throughput: 140.48 MB/s
[69.34%] | Read: 0.7818s | Write: 0.1424s | Batch Time: 0.924183s | Total Time: 323.89s | ETA: 143.24s | Throughput: 138.50 MB/s
[69.53%] | Read: 0.7663s | Write: 0.1425s | Batch Time: 0.908795s | Total Time: 324.80s | ETA: 142.33s | Throughput: 140.85 MB/s
[69.73%] | Read: 0.7869s | Write: 0.1387s | Batch Time: 0.925566s | Total Time: 325.73s | ETA: 141.42s | Throughput: 138.29 MB/s
[69.92%] | Read: 0.7497s | Write: 0.1420s | Batch Time: 0.891674s | Total Time: 326.62s | ETA: 140.50s | Throughput: 143.55 MB/s
[70.12%] | Read: 0.7506s | Write: 0.1296s | Batch Time: 0.880204s | Total Time: 327.50s | ETA: 139.57s | Throughput: 145.42 MB/s
[70.31%] | Read: 0.7374s | Write: 0.1326s | Batch Time: 0.869971s | Total Time: 328.37s | ETA: 138.64s | Throughput: 147.13 MB/s
[70.51%] | Read: 0.7515s | Write: 0.1309s | Batch Time: 0.882413s | Total Time: 329.25s | ETA: 137.72s | Throughput: 145.06 MB/s
[70.70%] | Read: 0.7362s | Write: 0.1306s | Batch Time: 0.866761s | Total Time: 330.12s | ETA: 136.79s | Throughput: 147.68 MB/s
[70.90%] | Read: 0.7454s | Write: 0.1281s | Batch Time: 0.873495s | Total Time: 330.99s | ETA: 135.86s | Throughput: 146.54 MB/s
[71.09%] | Read: 0.7424s | Write: 0.1265s | Batch Time: 0.868987s | Total Time: 331.86s | ETA: 134.93s | Throughput: 147.30 MB/s
[71.29%] | Read: 0.7541s | Write: 0.1427s | Batch Time: 0.896802s | Total Time: 332.76s | ETA: 134.01s | Throughput: 142.73 MB/s
[71.48%] | Read: 0.7408s | Write: 0.1423s | Batch Time: 0.883094s | Total Time: 333.64s | ETA: 133.09s | Throughput: 144.94 MB/s
[71.68%] | Read: 0.7420s | Write: 0.1433s | Batch Time: 0.885231s | Total Time: 334.53s | ETA: 132.17s | Throughput: 144.60 MB/s
[71.88%] | Read: 0.7446s | Write: 0.1378s | Batch Time: 0.882414s | Total Time: 335.41s | ETA: 131.25s | Throughput: 145.06 MB/s
[72.07%] | Read: 0.7674s | Write: 0.1368s | Batch Time: 0.904224s | Total Time: 336.31s | ETA: 130.33s | Throughput: 141.56 MB/s
[72.27%] | Read: 0.7426s | Write: 0.1413s | Batch Time: 0.883929s | Total Time: 337.20s | ETA: 129.41s | Throughput: 144.81 MB/s
[72.46%] | Read: 0.7595s | Write: 0.1387s | Batch Time: 0.898145s | Total Time: 338.09s | ETA: 128.49s | Throughput: 142.52 MB/s
[72.66%] | Read: 0.7506s | Write: 0.1363s | Batch Time: 0.886978s | Total Time: 338.98s | ETA: 127.57s | Throughput: 144.31 MB/s
[72.85%] | Read: 0.7607s | Write: 0.1384s | Batch Time: 0.899056s | Total Time: 339.88s | ETA: 126.66s | Throughput: 142.37 MB/s
[73.05%] | Read: 0.7543s | Write: 0.1401s | Batch Time: 0.894370s | Total Time: 340.77s | ETA: 125.74s | Throughput: 143.12 MB/s
[73.24%] | Read: 0.7560s | Write: 0.1378s | Batch Time: 0.893820s | Total Time: 341.67s | ETA: 124.82s | Throughput: 143.21 MB/s
[73.44%] | Read: 0.7504s | Write: 0.1408s | Batch Time: 0.891239s | Total Time: 342.56s | ETA: 123.90s | Throughput: 143.62 MB/s
[73.63%] | Read: 0.7637s | Write: 0.1360s | Batch Time: 0.899666s | Total Time: 343.46s | ETA: 122.99s | Throughput: 142.28 MB/s
[73.83%] | Read: 0.7523s | Write: 0.1392s | Batch Time: 0.891441s | Total Time: 344.35s | ETA: 122.07s | Throughput: 143.59 MB/s
[74.02%] | Read: 0.7613s | Write: 0.1382s | Batch Time: 0.899417s | Total Time: 345.25s | ETA: 121.16s | Throughput: 142.31 MB/s
[74.22%] | Read: 0.7501s | Write: 0.1266s | Batch Time: 0.876677s | Total Time: 346.13s | ETA: 120.23s | Throughput: 146.01 MB/s
[74.41%] | Read: 0.7487s | Write: 0.1302s | Batch Time: 0.878882s | Total Time: 347.01s | ETA: 119.31s | Throughput: 145.64 MB/s
[74.61%] | Read: 0.7409s | Write: 0.1262s | Batch Time: 0.867094s | Total Time: 347.87s | ETA: 118.39s | Throughput: 147.62 MB/s
[74.80%] | Read: 0.7456s | Write: 0.1282s | Batch Time: 0.873807s | Total Time: 348.75s | ETA: 117.46s | Throughput: 146.49 MB/s
[75.00%] | Read: 0.7393s | Write: 0.1286s | Batch Time: 0.867962s | Total Time: 349.61s | ETA: 116.54s | Throughput: 147.47 MB/s
[75.20%] | Read: 0.7466s | Write: 0.1309s | Batch Time: 0.877551s | Total Time: 350.49s | ETA: 115.62s | Throughput: 145.86 MB/s
[75.39%] | Read: 0.7700s | Write: 0.1374s | Batch Time: 0.907481s | Total Time: 351.40s | ETA: 114.71s | Throughput: 141.05 MB/s
[75.59%] | Read: 0.8711s | Write: 0.1353s | Batch Time: 1.006415s | Total Time: 352.41s | ETA: 113.83s | Throughput: 127.18 MB/s
[75.78%] | Read: 0.8109s | Write: 0.1350s | Batch Time: 0.945872s | Total Time: 353.35s | ETA: 112.93s | Throughput: 135.32 MB/s
[75.98%] | Read: 0.7866s | Write: 0.1392s | Batch Time: 0.925733s | Total Time: 354.28s | ETA: 112.02s | Throughput: 138.27 MB/s
[76.17%] | Read: 0.8034s | Write: 0.1366s | Batch Time: 0.939992s | Total Time: 355.22s | ETA: 111.12s | Throughput: 136.17 MB/s
[76.37%] | Read: 0.7887s | Write: 0.1396s | Batch Time: 0.928290s | Total Time: 356.15s | ETA: 110.21s | Throughput: 137.89 MB/s
[76.56%] | Read: 0.8030s | Write: 0.1367s | Batch Time: 0.939627s | Total Time: 357.09s | ETA: 109.31s | Throughput: 136.22 MB/s
[76.76%] | Read: 0.7885s | Write: 0.1381s | Batch Time: 0.926586s | Total Time: 358.01s | ETA: 108.41s | Throughput: 138.14 MB/s
[76.95%] | Read: 0.8046s | Write: 0.1368s | Batch Time: 0.941378s | Total Time: 358.95s | ETA: 107.50s | Throughput: 135.97 MB/s
[77.15%] | Read: 0.8012s | Write: 0.1380s | Batch Time: 0.939273s | Total Time: 359.89s | ETA: 106.60s | Throughput: 136.28 MB/s
[77.34%] | Read: 0.8255s | Write: 0.1361s | Batch Time: 0.961596s | Total Time: 360.85s | ETA: 105.70s | Throughput: 133.11 MB/s
[77.54%] | Read: 0.7887s | Write: 0.1345s | Batch Time: 0.923140s | Total Time: 361.78s | ETA: 104.80s | Throughput: 138.66 MB/s
[77.73%] | Read: 0.8079s | Write: 0.1363s | Batch Time: 0.944164s | Total Time: 362.72s | ETA: 103.90s | Throughput: 135.57 MB/s
[77.93%] | Read: 0.7892s | Write: 0.1378s | Batch Time: 0.926929s | Total Time: 363.65s | ETA: 102.99s | Throughput: 138.09 MB/s
[78.12%] | Read: 0.8010s | Write: 0.1402s | Batch Time: 0.941143s | Total Time: 364.59s | ETA: 102.09s | Throughput: 136.00 MB/s
[78.32%] | Read: 0.7890s | Write: 0.1302s | Batch Time: 0.919267s | Total Time: 365.51s | ETA: 101.18s | Throughput: 139.24 MB/s
[78.52%] | Read: 0.8057s | Write: 0.1281s | Batch Time: 0.933821s | Total Time: 366.44s | ETA: 100.27s | Throughput: 137.07 MB/s
[78.71%] | Read: 0.7925s | Write: 0.1277s | Batch Time: 0.920142s | Total Time: 367.36s | ETA: 99.36s | Throughput: 139.11 MB/s
[78.91%] | Read: 0.8113s | Write: 0.1303s | Batch Time: 0.941591s | Total Time: 368.31s | ETA: 98.46s | Throughput: 135.94 MB/s
[79.10%] | Read: 0.7950s | Write: 0.1303s | Batch Time: 0.925290s | Total Time: 369.23s | ETA: 97.55s | Throughput: 138.33 MB/s
[79.30%] | Read: 0.8121s | Write: 0.1306s | Batch Time: 0.942736s | Total Time: 370.17s | ETA: 96.65s | Throughput: 135.78 MB/s
[79.49%] | Read: 0.7947s | Write: 0.1352s | Batch Time: 0.929978s | Total Time: 371.10s | ETA: 95.74s | Throughput: 137.64 MB/s
[79.69%] | Read: 0.8191s | Write: 0.1327s | Batch Time: 0.951794s | Total Time: 372.05s | ETA: 94.84s | Throughput: 134.48 MB/s
[79.88%] | Read: 0.8056s | Write: 0.1401s | Batch Time: 0.945718s | Total Time: 373.00s | ETA: 93.93s | Throughput: 135.35 MB/s
[80.08%] | Read: 0.7943s | Write: 0.1360s | Batch Time: 0.930245s | Total Time: 373.93s | ETA: 93.03s | Throughput: 137.60 MB/s
[80.27%] | Read: 0.8095s | Write: 0.1342s | Batch Time: 0.943712s | Total Time: 374.87s | ETA: 92.12s | Throughput: 135.63 MB/s
[80.47%] | Read: 0.7963s | Write: 0.1361s | Batch Time: 0.932404s | Total Time: 375.81s | ETA: 91.22s | Throughput: 137.28 MB/s
[80.66%] | Read: 0.8059s | Write: 0.1375s | Batch Time: 0.943410s | Total Time: 376.75s | ETA: 90.31s | Throughput: 135.68 MB/s
[80.86%] | Read: 0.8002s | Write: 0.1351s | Batch Time: 0.935266s | Total Time: 377.69s | ETA: 89.40s | Throughput: 136.86 MB/s
[81.05%] | Read: 0.7623s | Write: 0.1378s | Batch Time: 0.900089s | Total Time: 378.59s | ETA: 88.49s | Throughput: 142.21 MB/s
[81.25%] | Read: 0.7458s | Write: 0.1369s | Batch Time: 0.882719s | Total Time: 379.47s | ETA: 87.57s | Throughput: 145.01 MB/s
[81.45%] | Read: 0.7556s | Write: 0.1408s | Batch Time: 0.896386s | Total Time: 380.36s | ETA: 86.65s | Throughput: 142.80 MB/s
[81.64%] | Read: 0.7429s | Write: 0.1366s | Batch Time: 0.879441s | Total Time: 381.24s | ETA: 85.73s | Throughput: 145.55 MB/s
[81.84%] | Read: 0.7596s | Write: 0.1362s | Batch Time: 0.895789s | Total Time: 382.14s | ETA: 84.82s | Throughput: 142.89 MB/s
[82.03%] | Read: 0.7355s | Write: 0.1364s | Batch Time: 0.871915s | Total Time: 383.01s | ETA: 83.90s | Throughput: 146.80 MB/s
[82.23%] | Read: 0.7562s | Write: 0.1382s | Batch Time: 0.894440s | Total Time: 383.91s | ETA: 82.98s | Throughput: 143.11 MB/s
[82.42%] | Read: 0.7372s | Write: 0.1300s | Batch Time: 0.867256s | Total Time: 384.77s | ETA: 82.06s | Throughput: 147.59 MB/s
[82.62%] | Read: 0.7542s | Write: 0.1305s | Batch Time: 0.884683s | Total Time: 385.66s | ETA: 81.14s | Throughput: 144.68 MB/s
[82.81%] | Read: 0.7399s | Write: 0.1270s | Batch Time: 0.866884s | Total Time: 386.53s | ETA: 80.22s | Throughput: 147.66 MB/s
[83.01%] | Read: 0.7537s | Write: 0.1283s | Batch Time: 0.882049s | Total Time: 387.41s | ETA: 79.30s | Throughput: 145.12 MB/s
[83.20%] | Read: 0.7470s | Write: 0.1293s | Batch Time: 0.876295s | Total Time: 388.28s | ETA: 78.39s | Throughput: 146.07 MB/s
[83.40%] | Read: 0.7588s | Write: 0.1351s | Batch Time: 0.893858s | Total Time: 389.18s | ETA: 77.47s | Throughput: 143.20 MB/s
[83.59%] | Read: 0.7365s | Write: 0.1426s | Batch Time: 0.879058s | Total Time: 390.06s | ETA: 76.55s | Throughput: 145.61 MB/s
[83.79%] | Read: 0.7582s | Write: 0.1420s | Batch Time: 0.900239s | Total Time: 390.96s | ETA: 75.64s | Throughput: 142.18 MB/s
[83.98%] | Read: 0.7333s | Write: 0.1470s | Batch Time: 0.880346s | Total Time: 391.84s | ETA: 74.72s | Throughput: 145.40 MB/s
[84.18%] | Read: 0.7539s | Write: 0.1393s | Batch Time: 0.893249s | Total Time: 392.73s | ETA: 73.81s | Throughput: 143.30 MB/s
[84.38%] | Read: 0.7412s | Write: 0.1428s | Batch Time: 0.884025s | Total Time: 393.61s | ETA: 72.89s | Throughput: 144.79 MB/s
[84.57%] | Read: 0.7627s | Write: 0.1422s | Batch Time: 0.904953s | Total Time: 394.52s | ETA: 71.98s | Throughput: 141.44 MB/s
[84.77%] | Read: 0.7332s | Write: 0.1421s | Batch Time: 0.875321s | Total Time: 395.39s | ETA: 71.06s | Throughput: 146.23 MB/s
[84.96%] | Read: 0.7539s | Write: 0.1409s | Batch Time: 0.894876s | Total Time: 396.29s | ETA: 70.15s | Throughput: 143.04 MB/s
[85.16%] | Read: 0.7391s | Write: 0.1450s | Batch Time: 0.884151s | Total Time: 397.17s | ETA: 69.23s | Throughput: 144.77 MB/s
[85.35%] | Read: 0.7474s | Write: 0.1437s | Batch Time: 0.891153s | Total Time: 398.07s | ETA: 68.32s | Throughput: 143.63 MB/s
[85.55%] | Read: 0.7572s | Write: 0.1424s | Batch Time: 0.899619s | Total Time: 398.96s | ETA: 67.41s | Throughput: 142.28 MB/s
[85.74%] | Read: 0.7570s | Write: 0.1419s | Batch Time: 0.898961s | Total Time: 399.86s | ETA: 66.49s | Throughput: 142.39 MB/s
[85.94%] | Read: 0.7532s | Write: 0.1432s | Batch Time: 0.896436s | Total Time: 400.76s | ETA: 65.58s | Throughput: 142.79 MB/s
[86.13%] | Read: 0.7640s | Write: 0.1416s | Batch Time: 0.905623s | Total Time: 401.67s | ETA: 64.67s | Throughput: 141.34 MB/s
[86.33%] | Read: 0.7455s | Write: 0.1507s | Batch Time: 0.896143s | Total Time: 402.56s | ETA: 63.75s | Throughput: 142.83 MB/s
[86.52%] | Read: 0.7817s | Write: 0.1306s | Batch Time: 0.912322s | Total Time: 403.47s | ETA: 62.84s | Throughput: 140.30 MB/s
[86.72%] | Read: 0.7729s | Write: 0.1331s | Batch Time: 0.906013s | Total Time: 404.38s | ETA: 61.93s | Throughput: 141.28 MB/s
[86.91%] | Read: 0.7788s | Write: 0.1312s | Batch Time: 0.910048s | Total Time: 405.29s | ETA: 61.02s | Throughput: 140.65 MB/s
[87.11%] | Read: 0.7722s | Write: 0.1312s | Batch Time: 0.903415s | Total Time: 406.19s | ETA: 60.11s | Throughput: 141.68 MB/s
[87.30%] | Read: 0.7801s | Write: 0.1321s | Batch Time: 0.912221s | Total Time: 407.11s | ETA: 59.20s | Throughput: 140.32 MB/s
[87.50%] | Read: 0.7714s | Write: 0.1297s | Batch Time: 0.901123s | Total Time: 408.01s | ETA: 58.29s | Throughput: 142.04 MB/s
[87.70%] | Read: 0.7856s | Write: 0.1382s | Batch Time: 0.923819s | Total Time: 408.93s | ETA: 57.38s | Throughput: 138.56 MB/s
[87.89%] | Read: 0.7700s | Write: 0.1458s | Batch Time: 0.915825s | Total Time: 409.85s | ETA: 56.47s | Throughput: 139.76 MB/s
[88.09%] | Read: 0.7827s | Write: 0.1404s | Batch Time: 0.923060s | Total Time: 410.77s | ETA: 55.56s | Throughput: 138.67 MB/s
[88.28%] | Read: 0.7661s | Write: 0.1394s | Batch Time: 0.905547s | Total Time: 411.68s | ETA: 54.65s | Throughput: 141.35 MB/s
[88.48%] | Read: 0.7856s | Write: 0.1439s | Batch Time: 0.929529s | Total Time: 412.61s | ETA: 53.74s | Throughput: 137.70 MB/s
[88.67%] | Read: 0.7596s | Write: 0.1432s | Batch Time: 0.902773s | Total Time: 413.51s | ETA: 52.83s | Throughput: 141.79 MB/s
[88.87%] | Read: 0.7852s | Write: 0.1409s | Batch Time: 0.926183s | Total Time: 414.43s | ETA: 51.92s | Throughput: 138.20 MB/s
[89.06%] | Read: 0.7704s | Write: 0.1442s | Batch Time: 0.914615s | Total Time: 415.35s | ETA: 51.01s | Throughput: 139.95 MB/s
[89.26%] | Read: 0.7878s | Write: 0.1416s | Batch Time: 0.929411s | Total Time: 416.28s | ETA: 50.10s | Throughput: 137.72 MB/s
[89.45%] | Read: 0.7667s | Write: 0.1450s | Batch Time: 0.911737s | Total Time: 417.19s | ETA: 49.19s | Throughput: 140.39 MB/s
[89.65%] | Read: 0.7750s | Write: 0.1428s | Batch Time: 0.917789s | Total Time: 418.11s | ETA: 48.28s | Throughput: 139.47 MB/s
[89.84%] | Read: 0.7686s | Write: 0.1478s | Batch Time: 0.916420s | Total Time: 419.02s | ETA: 47.37s | Throughput: 139.67 MB/s
[90.04%] | Read: 0.7806s | Write: 0.1442s | Batch Time: 0.924837s | Total Time: 419.95s | ETA: 46.46s | Throughput: 138.40 MB/s
[90.23%] | Read: 0.7704s | Write: 0.1416s | Batch Time: 0.912005s | Total Time: 420.86s | ETA: 45.55s | Throughput: 140.35 MB/s
[90.43%] | Read: 0.7827s | Write: 0.1458s | Batch Time: 0.928572s | Total Time: 421.79s | ETA: 44.64s | Throughput: 137.85 MB/s
[90.62%] | Read: 0.7579s | Write: 0.1319s | Batch Time: 0.889751s | Total Time: 422.68s | ETA: 43.73s | Throughput: 143.86 MB/s
[90.82%] | Read: 0.7799s | Write: 0.1337s | Batch Time: 0.913628s | Total Time: 423.59s | ETA: 42.81s | Throughput: 140.10 MB/s
[91.02%] | Read: 0.7697s | Write: 0.1314s | Batch Time: 0.901147s | Total Time: 424.49s | ETA: 41.90s | Throughput: 142.04 MB/s
[91.21%] | Read: 0.7800s | Write: 0.1318s | Batch Time: 0.911782s | Total Time: 425.41s | ETA: 40.99s | Throughput: 140.38 MB/s
[91.41%] | Read: 0.7716s | Write: 0.1300s | Batch Time: 0.901564s | Total Time: 426.31s | ETA: 40.08s | Throughput: 141.98 MB/s
[91.60%] | Read: 0.7736s | Write: 0.1326s | Batch Time: 0.906195s | Total Time: 427.21s | ETA: 39.17s | Throughput: 141.25 MB/s
[91.80%] | Read: 0.7709s | Write: 0.1408s | Batch Time: 0.911711s | Total Time: 428.13s | ETA: 38.26s | Throughput: 140.40 MB/s
[91.99%] | Read: 0.8074s | Write: 0.1420s | Batch Time: 0.949338s | Total Time: 429.07s | ETA: 37.35s | Throughput: 134.83 MB/s
[92.19%] | Read: 0.7829s | Write: 0.1444s | Batch Time: 0.927228s | Total Time: 430.00s | ETA: 36.44s | Throughput: 138.05 MB/s
[92.38%] | Read: 0.8007s | Write: 0.1452s | Batch Time: 0.945921s | Total Time: 430.95s | ETA: 35.53s | Throughput: 135.32 MB/s
[92.58%] | Read: 0.7833s | Write: 0.1457s | Batch Time: 0.929014s | Total Time: 431.88s | ETA: 34.62s | Throughput: 137.78 MB/s
[92.77%] | Read: 0.7993s | Write: 0.1425s | Batch Time: 0.941874s | Total Time: 432.82s | ETA: 33.71s | Throughput: 135.90 MB/s
[92.97%] | Read: 0.7773s | Write: 0.1427s | Batch Time: 0.920011s | Total Time: 433.74s | ETA: 32.80s | Throughput: 139.13 MB/s
[93.16%] | Read: 0.7939s | Write: 0.1409s | Batch Time: 0.934812s | Total Time: 434.67s | ETA: 31.89s | Throughput: 136.93 MB/s
[93.36%] | Read: 0.7794s | Write: 0.1415s | Batch Time: 0.920869s | Total Time: 435.59s | ETA: 30.98s | Throughput: 139.00 MB/s
[93.55%] | Read: 0.7953s | Write: 0.1424s | Batch Time: 0.937724s | Total Time: 436.53s | ETA: 30.07s | Throughput: 136.50 MB/s
[93.75%] | Read: 0.7774s | Write: 0.1420s | Batch Time: 0.919366s | Total Time: 437.45s | ETA: 29.16s | Throughput: 139.23 MB/s
[93.95%] | Read: 0.7947s | Write: 0.1450s | Batch Time: 0.939740s | Total Time: 438.39s | ETA: 28.25s | Throughput: 136.21 MB/s
[94.14%] | Read: 0.7835s | Write: 0.1456s | Batch Time: 0.929038s | Total Time: 439.32s | ETA: 27.34s | Throughput: 137.78 MB/s
[94.34%] | Read: 0.7996s | Write: 0.1440s | Batch Time: 0.943621s | Total Time: 440.26s | ETA: 26.43s | Throughput: 135.65 MB/s
[94.53%] | Read: 0.7845s | Write: 0.1416s | Batch Time: 0.926106s | Total Time: 441.19s | ETA: 25.52s | Throughput: 138.21 MB/s
[94.73%] | Read: 0.7947s | Write: 0.1319s | Batch Time: 0.926587s | Total Time: 442.12s | ETA: 24.61s | Throughput: 138.14 MB/s
[94.92%] | Read: 0.7800s | Write: 0.1301s | Batch Time: 0.910088s | Total Time: 443.03s | ETA: 23.70s | Throughput: 140.65 MB/s
[95.12%] | Read: 0.8020s | Write: 0.1274s | Batch Time: 0.929372s | Total Time: 443.96s | ETA: 22.79s | Throughput: 137.73 MB/s
[95.31%] | Read: 0.7808s | Write: 0.1296s | Batch Time: 0.910418s | Total Time: 444.87s | ETA: 21.88s | Throughput: 140.59 MB/s
[95.51%] | Read: 0.7983s | Write: 0.1295s | Batch Time: 0.927787s | Total Time: 445.79s | ETA: 20.97s | Throughput: 137.96 MB/s
[95.70%] | Read: 0.7824s | Write: 0.1323s | Batch Time: 0.914612s | Total Time: 446.71s | ETA: 20.06s | Throughput: 139.95 MB/s
[95.90%] | Read: 0.7962s | Write: 0.1457s | Batch Time: 0.941910s | Total Time: 447.65s | ETA: 19.15s | Throughput: 135.89 MB/s
[96.09%] | Read: 0.7897s | Write: 0.1531s | Batch Time: 0.942810s | Total Time: 448.59s | ETA: 18.24s | Throughput: 135.76 MB/s
[96.29%] | Read: 0.8088s | Write: 0.1477s | Batch Time: 0.956457s | Total Time: 449.55s | ETA: 17.33s | Throughput: 133.83 MB/s
[96.48%] | Read: 0.7926s | Write: 0.1474s | Batch Time: 0.940021s | Total Time: 450.49s | ETA: 16.41s | Throughput: 136.17 MB/s
[96.68%] | Read: 0.8026s | Write: 0.1498s | Batch Time: 0.952340s | Total Time: 451.44s | ETA: 15.50s | Throughput: 134.41 MB/s
[96.88%] | Read: 0.7865s | Write: 0.1467s | Batch Time: 0.933247s | Total Time: 452.38s | ETA: 14.59s | Throughput: 137.16 MB/s
[97.07%] | Read: 0.8068s | Write: 0.1492s | Batch Time: 0.956004s | Total Time: 453.33s | ETA: 13.68s | Throughput: 133.89 MB/s
[97.27%] | Read: 0.7960s | Write: 0.1469s | Batch Time: 0.942893s | Total Time: 454.27s | ETA: 12.77s | Throughput: 135.75 MB/s
[97.46%] | Read: 0.8065s | Write: 0.1467s | Batch Time: 0.953162s | Total Time: 455.23s | ETA: 11.86s | Throughput: 134.29 MB/s
[97.66%] | Read: 0.7897s | Write: 0.1462s | Batch Time: 0.935904s | Total Time: 456.16s | ETA: 10.95s | Throughput: 136.77 MB/s
[97.85%] | Read: 0.8073s | Write: 0.1436s | Batch Time: 0.950822s | Total Time: 457.11s | ETA: 10.04s | Throughput: 134.62 MB/s
[98.05%] | Read: 0.7931s | Write: 0.1469s | Batch Time: 0.940054s | Total Time: 458.05s | ETA: 9.12s | Throughput: 136.16 MB/s
[98.24%] | Read: 0.8103s | Write: 0.1463s | Batch Time: 0.956551s | Total Time: 459.01s | ETA: 8.21s | Throughput: 133.81 MB/s
[98.44%] | Read: 0.7864s | Write: 0.1505s | Batch Time: 0.936867s | Total Time: 459.95s | ETA: 7.30s | Throughput: 136.63 MB/s
[98.63%] | Read: 0.8113s | Write: 0.1494s | Batch Time: 0.960705s | Total Time: 460.91s | ETA: 6.39s | Throughput: 133.24 MB/s
[98.83%] | Read: 0.7911s | Write: 0.1323s | Batch Time: 0.923361s | Total Time: 461.83s | ETA: 5.48s | Throughput: 138.62 MB/s
[99.02%] | Read: 0.8094s | Write: 0.1392s | Batch Time: 0.948589s | Total Time: 462.78s | ETA: 4.56s | Throughput: 134.94 MB/s
[99.22%] | Read: 0.7893s | Write: 0.1335s | Batch Time: 0.922818s | Total Time: 463.70s | ETA: 3.65s | Throughput: 138.71 MB/s
[99.41%] | Read: 0.8146s | Write: 0.1322s | Batch Time: 0.946757s | Total Time: 464.65s | ETA: 2.74s | Throughput: 135.20 MB/s
[99.61%] | Read: 0.7928s | Write: 0.1353s | Batch Time: 0.928149s | Total Time: 465.58s | ETA: 1.83s | Throughput: 137.91 MB/s
[99.80%] | Read: 0.8050s | Write: 0.1459s | Batch Time: 0.950914s | Total Time: 466.53s | ETA: 0.91s | Throughput: 134.61 MB/s
[100.00%] | Read: 0.7956s | Write: 0.1510s | Batch Time: 0.946572s | Total Time: 467.48s | ETA: 0.00s | Throughput: 135.22 MB/s


[484.07s] Completed merging 2 K32-files of total size 64.00GB
Merge Approach: Pipelined
Source: /data-l/iraicu/tmp/
Destination: /data-r/iraicu/vaults/
Read Time: 380.78s
Write Time: 16.59s
Merge Time: 484.07s



real	8m5.121s
user	0m0.006s
sys	0m0.014s
Finished merge for k=33

==================================================
Starting merge for k=34 (n=4, B=256, drive=data-r)
==================================================
Clearing cache...
3
Executing command...
stdbuf -o0 -e0 bash -c 'time sudo ./vaultx -P merge -k 32 -n 4 -F /data-l/iraicu/tmp/ -T /data-r/iraicu/vaults/ -t 1 -R 1024  -A pipelined -B 256' 2>&1 | tee ./logs/log_k32_n4_t1_m256_merge_hdd_hdd.txt
Selected Approach           : for
Number of Threads           : 1
Number of Threads I/O       : 1
Exponent k                  : 32
Threads (Hash/Sort)         : 1
Threads (I/O)               : 1
Table1 Size (GB)            : 0.0
Table2 Size (GB)            : 0.0
Max Memory Size (GB)        : 2.0
Expected Memory Size (GB)   : 1.6
Number of Hashes (Disk)     : 4294967296
File Size (GB)              : 0.0
Temporary Data Size (GB)    : 0
Size of MemoRecord          : 4
Rounds                      : 1
Number of Buckets           : 1
Number of Records in Bucket : 1
BATCH_SIZE                  : 1024
WRITE_BATCH_SIZE            : 1024
READ_BATCH_SIZE             : 1024
HASHGEN                     : false
MEMORY_WRITE                : true
CIRCULAR_ARRAY              : false
FULL_BUCKETS                : false
Peak Memory Usage: 2.11 MB
Memory Size per Batch: 256MB
Buckets processed from each file per batch: 32768
Bucket size: 2048 bytes
Data read from each file per batch: 64.00MB

Total Batches: 512
Merge Approach [0]: Pipelined
Source: /data-l/iraicu/tmp/
Destination: /data-r/iraicu/vaults/
Threads: 1
Files: 4, K32
Memory Limit: 483544MB


posix_fallocate (137438953616 bytes) took 0.865 seconds


[0.20%] | Read: 1.4686s | Write: 0.2225s | Batch Time: 1.691053s | Total Time: 1.69s | ETA: 864.13s | Throughput: 151.38 MB/s
[0.39%] | Read: 1.3249s | Write: 0.2236s | Batch Time: 1.548460s | Total Time: 3.24s | ETA: 826.08s | Throughput: 165.33 MB/s
[0.59%] | Read: 1.2944s | Write: 0.2188s | Batch Time: 1.513193s | Total Time: 4.75s | ETA: 806.38s | Throughput: 169.18 MB/s
[0.78%] | Read: 1.3139s | Write: 0.2182s | Batch Time: 1.532093s | Total Time: 6.28s | ETA: 798.17s | Throughput: 167.09 MB/s
[0.98%] | Read: 1.2954s | Write: 0.2216s | Batch Time: 1.516950s | Total Time: 7.80s | ETA: 791.10s | Throughput: 168.76 MB/s
[1.17%] | Read: 1.3224s | Write: 0.2215s | Batch Time: 1.543871s | Total Time: 9.35s | ETA: 788.15s | Throughput: 165.82 MB/s
[1.37%] | Read: 1.3061s | Write: 0.2244s | Batch Time: 1.530500s | Total Time: 10.88s | ETA: 784.64s | Throughput: 167.27 MB/s
[1.56%] | Read: 1.3108s | Write: 0.2210s | Batch Time: 1.531716s | Total Time: 12.41s | ETA: 781.70s | Throughput: 167.13 MB/s
[1.76%] | Read: 1.2975s | Write: 0.2235s | Batch Time: 1.520927s | Total Time: 13.93s | ETA: 778.47s | Throughput: 168.32 MB/s
[1.95%] | Read: 1.3119s | Write: 0.2199s | Batch Time: 1.531885s | Total Time: 15.46s | ETA: 776.13s | Throughput: 167.11 MB/s
[2.15%] | Read: 1.3075s | Write: 0.2200s | Batch Time: 1.527501s | Total Time: 16.99s | ETA: 773.74s | Throughput: 167.59 MB/s
[2.34%] | Read: 1.3075s | Write: 0.2196s | Batch Time: 1.527184s | Total Time: 18.52s | ETA: 771.48s | Throughput: 167.63 MB/s
[2.54%] | Read: 1.3072s | Write: 0.2191s | Batch Time: 1.526356s | Total Time: 20.04s | ETA: 769.30s | Throughput: 167.72 MB/s
[2.73%] | Read: 1.3075s | Write: 0.2236s | Batch Time: 1.531171s | Total Time: 21.57s | ETA: 767.38s | Throughput: 167.19 MB/s
[2.93%] | Read: 1.2965s | Write: 0.2199s | Batch Time: 1.516415s | Total Time: 23.09s | ETA: 765.03s | Throughput: 168.82 MB/s
[3.12%] | Read: 1.3112s | Write: 0.2193s | Batch Time: 1.530471s | Total Time: 24.62s | ETA: 763.22s | Throughput: 167.27 MB/s
[3.32%] | Read: 1.2993s | Write: 0.2191s | Batch Time: 1.518375s | Total Time: 26.14s | ETA: 761.09s | Throughput: 168.60 MB/s
[3.52%] | Read: 1.3219s | Write: 0.2200s | Batch Time: 1.541860s | Total Time: 27.68s | ETA: 759.67s | Throughput: 166.03 MB/s
[3.71%] | Read: 1.3126s | Write: 0.2208s | Batch Time: 1.533370s | Total Time: 29.21s | ETA: 758.01s | Throughput: 166.95 MB/s
[3.91%] | Read: 1.3197s | Write: 0.2529s | Batch Time: 1.572576s | Total Time: 30.79s | ETA: 757.34s | Throughput: 162.79 MB/s
[4.10%] | Read: 1.3183s | Write: 0.2545s | Batch Time: 1.572823s | Total Time: 32.36s | ETA: 756.58s | Throughput: 162.76 MB/s
[4.30%] | Read: 1.3067s | Write: 0.2567s | Batch Time: 1.563377s | Total Time: 33.92s | ETA: 755.54s | Throughput: 163.75 MB/s
[4.49%] | Read: 1.3346s | Write: 0.2525s | Batch Time: 1.587097s | Total Time: 35.51s | ETA: 754.96s | Throughput: 161.30 MB/s
[4.69%] | Read: 1.2899s | Write: 0.2407s | Batch Time: 1.530653s | Total Time: 37.04s | ETA: 753.15s | Throughput: 167.25 MB/s
[4.88%] | Read: 1.3171s | Write: 0.2583s | Batch Time: 1.575408s | Total Time: 38.62s | ETA: 752.23s | Throughput: 162.50 MB/s
[5.08%] | Read: 1.2877s | Write: 0.2346s | Batch Time: 1.522331s | Total Time: 40.14s | ETA: 750.27s | Throughput: 168.16 MB/s
[5.27%] | Read: 1.3099s | Write: 0.2372s | Batch Time: 1.547091s | Total Time: 41.68s | ETA: 748.79s | Throughput: 165.47 MB/s
[5.47%] | Read: 1.3124s | Write: 0.2570s | Batch Time: 1.569435s | Total Time: 43.25s | ETA: 747.68s | Throughput: 163.12 MB/s
[5.66%] | Read: 1.3250s | Write: 0.2611s | Batch Time: 1.586076s | Total Time: 44.84s | ETA: 746.83s | Throughput: 161.40 MB/s
[5.86%] | Read: 1.3127s | Write: 0.2565s | Batch Time: 1.569252s | Total Time: 46.41s | ETA: 745.65s | Throughput: 163.14 MB/s
[6.05%] | Read: 1.3110s | Write: 0.2380s | Batch Time: 1.548938s | Total Time: 47.96s | ETA: 744.13s | Throughput: 165.27 MB/s
[6.25%] | Read: 1.2947s | Write: 0.2376s | Batch Time: 1.532276s | Total Time: 49.49s | ETA: 742.37s | Throughput: 167.07 MB/s
[6.45%] | Read: 1.3027s | Write: 0.2357s | Batch Time: 1.538406s | Total Time: 51.03s | ETA: 740.70s | Throughput: 166.41 MB/s
[6.64%] | Read: 1.3061s | Write: 0.2608s | Batch Time: 1.566926s | Total Time: 52.60s | ETA: 739.44s | Throughput: 163.38 MB/s
[6.84%] | Read: 1.3389s | Write: 0.2545s | Batch Time: 1.593394s | Total Time: 54.19s | ETA: 738.53s | Throughput: 160.66 MB/s
[7.03%] | Read: 1.3033s | Write: 0.2380s | Batch Time: 1.541373s | Total Time: 55.73s | ETA: 736.89s | Throughput: 166.09 MB/s
[7.23%] | Read: 1.2947s | Write: 0.2241s | Batch Time: 1.518819s | Total Time: 57.25s | ETA: 734.97s | Throughput: 168.55 MB/s
[7.42%] | Read: 1.3011s | Write: 0.2188s | Batch Time: 1.519880s | Total Time: 58.77s | ETA: 733.08s | Throughput: 168.43 MB/s
[7.62%] | Read: 1.2833s | Write: 0.2201s | Batch Time: 1.503432s | Total Time: 60.27s | ETA: 731.01s | Throughput: 170.28 MB/s
[7.81%] | Read: 1.3008s | Write: 0.2196s | Batch Time: 1.520336s | Total Time: 61.79s | ETA: 729.17s | Throughput: 168.38 MB/s
[8.01%] | Read: 1.2802s | Write: 0.2379s | Batch Time: 1.518068s | Total Time: 63.31s | ETA: 727.31s | Throughput: 168.64 MB/s
[8.20%] | Read: 1.3038s | Write: 0.2382s | Batch Time: 1.541988s | Total Time: 64.85s | ETA: 725.74s | Throughput: 166.02 MB/s
[8.40%] | Read: 1.2946s | Write: 0.2377s | Batch Time: 1.532271s | Total Time: 66.39s | ETA: 724.07s | Throughput: 167.07 MB/s
[8.59%] | Read: 1.3081s | Write: 0.2355s | Batch Time: 1.543665s | Total Time: 67.93s | ETA: 722.52s | Throughput: 165.84 MB/s
[8.79%] | Read: 1.3005s | Write: 0.2354s | Batch Time: 1.535918s | Total Time: 69.47s | ETA: 720.90s | Throughput: 166.68 MB/s
[8.98%] | Read: 1.3311s | Write: 0.2370s | Batch Time: 1.568075s | Total Time: 71.03s | ETA: 719.60s | Throughput: 163.26 MB/s
[9.18%] | Read: 1.3036s | Write: 0.2411s | Batch Time: 1.544707s | Total Time: 72.58s | ETA: 718.06s | Throughput: 165.73 MB/s
[9.38%] | Read: 1.3258s | Write: 0.2369s | Batch Time: 1.562718s | Total Time: 74.14s | ETA: 716.70s | Throughput: 163.82 MB/s
[9.57%] | Read: 1.3339s | Write: 0.2302s | Batch Time: 1.564156s | Total Time: 75.71s | ETA: 715.34s | Throughput: 163.67 MB/s
[9.77%] | Read: 1.3061s | Write: 0.2316s | Batch Time: 1.537738s | Total Time: 77.24s | ETA: 713.73s | Throughput: 166.48 MB/s
[9.96%] | Read: 1.3344s | Write: 0.2291s | Batch Time: 1.563554s | Total Time: 78.81s | ETA: 712.35s | Throughput: 163.73 MB/s
[10.16%] | Read: 1.3032s | Write: 0.2299s | Batch Time: 1.533165s | Total Time: 80.34s | ETA: 710.70s | Throughput: 166.97 MB/s
[10.35%] | Read: 1.3202s | Write: 0.2301s | Batch Time: 1.550225s | Total Time: 81.89s | ETA: 709.20s | Throughput: 165.14 MB/s
[10.55%] | Read: 1.3108s | Write: 0.2346s | Batch Time: 1.545448s | Total Time: 83.44s | ETA: 707.66s | Throughput: 165.65 MB/s
[10.74%] | Read: 1.3240s | Write: 0.2302s | Batch Time: 1.554234s | Total Time: 84.99s | ETA: 706.19s | Throughput: 164.71 MB/s
[10.94%] | Read: 1.3076s | Write: 0.2302s | Batch Time: 1.537820s | Total Time: 86.53s | ETA: 704.58s | Throughput: 166.47 MB/s
[11.13%] | Read: 1.3299s | Write: 0.2303s | Batch Time: 1.560250s | Total Time: 88.09s | ETA: 703.16s | Throughput: 164.08 MB/s
[11.33%] | Read: 1.3200s | Write: 0.2312s | Batch Time: 1.551262s | Total Time: 89.64s | ETA: 701.66s | Throughput: 165.03 MB/s
[11.52%] | Read: 1.3354s | Write: 0.2200s | Batch Time: 1.555371s | Total Time: 91.19s | ETA: 700.19s | Throughput: 164.59 MB/s
[11.72%] | Read: 1.3209s | Write: 0.2193s | Batch Time: 1.540197s | Total Time: 92.73s | ETA: 698.60s | Throughput: 166.21 MB/s
[11.91%] | Read: 1.3298s | Write: 0.2228s | Batch Time: 1.552590s | Total Time: 94.29s | ETA: 697.11s | Throughput: 164.89 MB/s
[12.11%] | Read: 1.3096s | Write: 0.2376s | Batch Time: 1.547263s | Total Time: 95.83s | ETA: 695.57s | Throughput: 165.45 MB/s
[12.30%] | Read: 1.3385s | Write: 0.2303s | Batch Time: 1.568760s | Total Time: 97.40s | ETA: 694.19s | Throughput: 163.19 MB/s
[12.50%] | Read: 1.3094s | Write: 0.2307s | Batch Time: 1.540120s | Total Time: 98.94s | ETA: 692.60s | Throughput: 166.22 MB/s
[12.70%] | Read: 1.3357s | Write: 0.2307s | Batch Time: 1.566406s | Total Time: 100.51s | ETA: 691.20s | Throughput: 163.43 MB/s
[12.89%] | Read: 1.3105s | Write: 0.2316s | Batch Time: 1.542057s | Total Time: 102.05s | ETA: 689.62s | Throughput: 166.01 MB/s
[13.09%] | Read: 1.3258s | Write: 0.2283s | Batch Time: 1.554166s | Total Time: 103.61s | ETA: 688.13s | Throughput: 164.72 MB/s
[13.28%] | Read: 1.3187s | Write: 0.2316s | Batch Time: 1.550332s | Total Time: 105.16s | ETA: 686.61s | Throughput: 165.13 MB/s
[13.48%] | Read: 1.3287s | Write: 0.2342s | Batch Time: 1.562887s | Total Time: 106.72s | ETA: 685.17s | Throughput: 163.80 MB/s
[13.67%] | Read: 1.3078s | Write: 0.2357s | Batch Time: 1.543487s | Total Time: 108.26s | ETA: 683.60s | Throughput: 165.86 MB/s
[13.87%] | Read: 1.3300s | Write: 0.2361s | Batch Time: 1.566127s | Total Time: 109.83s | ETA: 682.18s | Throughput: 163.46 MB/s
[14.06%] | Read: 1.3211s | Write: 0.2371s | Batch Time: 1.558223s | Total Time: 111.39s | ETA: 680.70s | Throughput: 164.29 MB/s
[14.26%] | Read: 1.3626s | Write: 0.2399s | Batch Time: 1.602539s | Total Time: 112.99s | ETA: 679.49s | Throughput: 159.75 MB/s
[14.45%] | Read: 1.3267s | Write: 0.2363s | Batch Time: 1.563050s | Total Time: 114.55s | ETA: 678.03s | Throughput: 163.78 MB/s
[14.65%] | Read: 1.3472s | Write: 0.2508s | Batch Time: 1.598008s | Total Time: 116.15s | ETA: 676.77s | Throughput: 160.20 MB/s
[14.84%] | Read: 1.3146s | Write: 0.2343s | Batch Time: 1.548866s | Total Time: 117.70s | ETA: 675.23s | Throughput: 165.28 MB/s
[15.04%] | Read: 1.3403s | Write: 0.2298s | Batch Time: 1.570174s | Total Time: 119.27s | ETA: 673.80s | Throughput: 163.04 MB/s
[15.23%] | Read: 1.3193s | Write: 0.2342s | Batch Time: 1.553453s | Total Time: 120.82s | ETA: 672.27s | Throughput: 164.79 MB/s
[15.43%] | Read: 1.3404s | Write: 0.2293s | Batch Time: 1.569649s | Total Time: 122.39s | ETA: 670.84s | Throughput: 163.09 MB/s
[15.62%] | Read: 1.3173s | Write: 0.2184s | Batch Time: 1.535751s | Total Time: 123.93s | ETA: 669.22s | Throughput: 166.69 MB/s
[15.82%] | Read: 1.3346s | Write: 0.2191s | Batch Time: 1.553695s | Total Time: 125.48s | ETA: 667.69s | Throughput: 164.77 MB/s
[16.02%] | Read: 1.3133s | Write: 0.2188s | Batch Time: 1.532045s | Total Time: 127.01s | ETA: 666.05s | Throughput: 167.10 MB/s
[16.21%] | Read: 1.3224s | Write: 0.2329s | Batch Time: 1.555362s | Total Time: 128.57s | ETA: 664.54s | Throughput: 164.59 MB/s
[16.41%] | Read: 1.3253s | Write: 0.2297s | Batch Time: 1.555008s | Total Time: 130.12s | ETA: 663.02s | Throughput: 164.63 MB/s
[16.60%] | Read: 1.3187s | Write: 0.2427s | Batch Time: 1.561467s | Total Time: 131.69s | ETA: 661.53s | Throughput: 163.95 MB/s
[16.80%] | Read: 1.3075s | Write: 0.2306s | Batch Time: 1.538097s | Total Time: 133.22s | ETA: 659.93s | Throughput: 166.44 MB/s
[16.99%] | Read: 1.3326s | Write: 0.2354s | Batch Time: 1.568074s | Total Time: 134.79s | ETA: 658.47s | Throughput: 163.26 MB/s
[17.19%] | Read: 1.3085s | Write: 0.2329s | Batch Time: 1.541458s | Total Time: 136.33s | ETA: 656.88s | Throughput: 166.08 MB/s
[17.38%] | Read: 1.3419s | Write: 0.2341s | Batch Time: 1.575976s | Total Time: 137.91s | ETA: 655.46s | Throughput: 162.44 MB/s
[17.58%] | Read: 1.3149s | Write: 0.2403s | Batch Time: 1.555180s | Total Time: 139.47s | ETA: 653.94s | Throughput: 164.61 MB/s
[17.77%] | Read: 1.3349s | Write: 0.2355s | Batch Time: 1.570394s | Total Time: 141.04s | ETA: 652.48s | Throughput: 163.02 MB/s
[17.97%] | Read: 1.3106s | Write: 0.2353s | Batch Time: 1.545890s | Total Time: 142.58s | ETA: 650.92s | Throughput: 165.60 MB/s
[18.16%] | Read: 1.3424s | Write: 0.2363s | Batch Time: 1.578670s | Total Time: 144.16s | ETA: 649.50s | Throughput: 162.16 MB/s
[18.36%] | Read: 1.3298s | Write: 0.2305s | Batch Time: 1.560236s | Total Time: 145.72s | ETA: 647.99s | Throughput: 164.08 MB/s
[18.55%] | Read: 1.3525s | Write: 0.2303s | Batch Time: 1.582850s | Total Time: 147.30s | ETA: 646.58s | Throughput: 161.73 MB/s
[18.75%] | Read: 1.3362s | Write: 0.2341s | Batch Time: 1.570291s | Total Time: 148.87s | ETA: 645.12s | Throughput: 163.03 MB/s
[18.95%] | Read: 1.3480s | Write: 0.2390s | Batch Time: 1.586921s | Total Time: 150.46s | ETA: 643.72s | Throughput: 161.32 MB/s
[19.14%] | Read: 1.3364s | Write: 0.2406s | Batch Time: 1.576985s | Total Time: 152.04s | ETA: 642.28s | Throughput: 162.34 MB/s
[19.34%] | Read: 1.3671s | Write: 0.2369s | Batch Time: 1.604029s | Total Time: 153.64s | ETA: 640.95s | Throughput: 159.60 MB/s
[19.53%] | Read: 1.3285s | Write: 0.2346s | Batch Time: 1.563094s | Total Time: 155.20s | ETA: 639.44s | Throughput: 163.78 MB/s
[19.73%] | Read: 1.3655s | Write: 0.2196s | Batch Time: 1.585037s | Total Time: 156.79s | ETA: 638.03s | Throughput: 161.51 MB/s
[19.92%] | Read: 1.3470s | Write: 0.2203s | Batch Time: 1.567282s | Total Time: 158.36s | ETA: 636.53s | Throughput: 163.34 MB/s
[20.12%] | Read: 1.3705s | Write: 0.2188s | Batch Time: 1.589219s | Total Time: 159.95s | ETA: 635.13s | Throughput: 161.09 MB/s
[20.31%] | Read: 1.3550s | Write: 0.2339s | Batch Time: 1.588863s | Total Time: 161.54s | ETA: 633.72s | Throughput: 161.12 MB/s
[20.51%] | Read: 1.3742s | Write: 0.2302s | Batch Time: 1.604333s | Total Time: 163.14s | ETA: 632.36s | Throughput: 159.57 MB/s
[20.70%] | Read: 1.3664s | Write: 0.2295s | Batch Time: 1.595848s | Total Time: 164.74s | ETA: 630.97s | Throughput: 160.42 MB/s
[20.90%] | Read: 1.3814s | Write: 0.2347s | Batch Time: 1.616096s | Total Time: 166.35s | ETA: 629.65s | Throughput: 158.41 MB/s
[21.09%] | Read: 1.3733s | Write: 0.2304s | Batch Time: 1.603687s | Total Time: 167.96s | ETA: 628.28s | Throughput: 159.63 MB/s
[21.29%] | Read: 1.3692s | Write: 0.2396s | Batch Time: 1.608770s | Total Time: 169.56s | ETA: 626.92s | Throughput: 159.13 MB/s
[21.48%] | Read: 1.3517s | Write: 0.2365s | Batch Time: 1.588215s | Total Time: 171.15s | ETA: 625.48s | Throughput: 161.19 MB/s
[21.68%] | Read: 1.3800s | Write: 0.2386s | Batch Time: 1.618604s | Total Time: 172.77s | ETA: 624.15s | Throughput: 158.16 MB/s
[21.88%] | Read: 1.3609s | Write: 0.2343s | Batch Time: 1.595177s | Total Time: 174.37s | ETA: 622.74s | Throughput: 160.48 MB/s
[22.07%] | Read: 1.3837s | Write: 0.2366s | Batch Time: 1.620323s | Total Time: 175.99s | ETA: 621.40s | Throughput: 157.99 MB/s
[22.27%] | Read: 1.3544s | Write: 0.2389s | Batch Time: 1.593294s | Total Time: 177.58s | ETA: 619.97s | Throughput: 160.67 MB/s
[22.46%] | Read: 1.3858s | Write: 0.2337s | Batch Time: 1.619463s | Total Time: 179.20s | ETA: 618.63s | Throughput: 158.08 MB/s
[22.66%] | Read: 1.3576s | Write: 0.2395s | Batch Time: 1.597045s | Total Time: 180.80s | ETA: 617.20s | Throughput: 160.30 MB/s
[22.85%] | Read: 1.3729s | Write: 0.2539s | Batch Time: 1.626748s | Total Time: 182.42s | ETA: 615.87s | Throughput: 157.37 MB/s
[23.05%] | Read: 1.3665s | Write: 0.2284s | Batch Time: 1.594897s | Total Time: 184.02s | ETA: 614.43s | Throughput: 160.51 MB/s
[23.24%] | Read: 1.3791s | Write: 0.2337s | Batch Time: 1.612824s | Total Time: 185.63s | ETA: 613.05s | Throughput: 158.73 MB/s
[23.44%] | Read: 1.3658s | Write: 0.2335s | Batch Time: 1.599266s | Total Time: 187.23s | ETA: 611.62s | Throughput: 160.07 MB/s
[23.63%] | Read: 1.3741s | Write: 0.2349s | Batch Time: 1.609009s | Total Time: 188.84s | ETA: 610.22s | Throughput: 159.10 MB/s
[23.83%] | Read: 1.3565s | Write: 0.2313s | Batch Time: 1.587800s | Total Time: 190.43s | ETA: 608.74s | Throughput: 161.23 MB/s
[24.02%] | Read: 1.3842s | Write: 0.2338s | Batch Time: 1.618052s | Total Time: 192.04s | ETA: 607.36s | Throughput: 158.21 MB/s
[24.22%] | Read: 1.3508s | Write: 0.2358s | Batch Time: 1.586563s | Total Time: 193.63s | ETA: 605.88s | Throughput: 161.36 MB/s
[24.41%] | Read: 1.3787s | Write: 0.2568s | Batch Time: 1.635498s | Total Time: 195.27s | ETA: 604.55s | Throughput: 156.53 MB/s
[24.61%] | Read: 1.3513s | Write: 0.2702s | Batch Time: 1.621508s | Total Time: 196.89s | ETA: 603.17s | Throughput: 157.88 MB/s
[24.80%] | Read: 1.3801s | Write: 0.2590s | Batch Time: 1.639058s | Total Time: 198.53s | ETA: 601.84s | Throughput: 156.19 MB/s
[25.00%] | Read: 1.3560s | Write: 0.2586s | Batch Time: 1.614526s | Total Time: 200.14s | ETA: 600.43s | Throughput: 158.56 MB/s
[25.20%] | Read: 1.3748s | Write: 0.2680s | Batch Time: 1.642836s | Total Time: 201.78s | ETA: 599.10s | Throughput: 155.83 MB/s
[25.39%] | Read: 1.3418s | Write: 0.2738s | Batch Time: 1.615608s | Total Time: 203.40s | ETA: 597.68s | Throughput: 158.45 MB/s
[25.59%] | Read: 1.3789s | Write: 0.2639s | Batch Time: 1.642870s | Total Time: 205.04s | ETA: 596.35s | Throughput: 155.82 MB/s
[25.78%] | Read: 1.3632s | Write: 0.2491s | Batch Time: 1.612293s | Total Time: 206.66s | ETA: 594.92s | Throughput: 158.78 MB/s
[25.98%] | Read: 1.3674s | Write: 0.2442s | Batch Time: 1.611552s | Total Time: 208.27s | ETA: 593.48s | Throughput: 158.85 MB/s
[26.17%] | Read: 1.3388s | Write: 0.2480s | Batch Time: 1.586767s | Total Time: 209.85s | ETA: 591.98s | Throughput: 161.33 MB/s
[26.37%] | Read: 1.3597s | Write: 0.2478s | Batch Time: 1.607569s | Total Time: 211.46s | ETA: 590.53s | Throughput: 159.25 MB/s
[26.56%] | Read: 1.3572s | Write: 0.2482s | Batch Time: 1.605407s | Total Time: 213.07s | ETA: 589.07s | Throughput: 159.46 MB/s
[26.76%] | Read: 1.3708s | Write: 0.2442s | Batch Time: 1.615044s | Total Time: 214.68s | ETA: 587.63s | Throughput: 158.51 MB/s
[26.95%] | Read: 1.3795s | Write: 0.2748s | Batch Time: 1.654325s | Total Time: 216.34s | ETA: 586.30s | Throughput: 154.75 MB/s
[27.15%] | Read: 1.3740s | Write: 0.2710s | Batch Time: 1.645031s | Total Time: 217.98s | ETA: 584.94s | Throughput: 155.62 MB/s
[27.34%] | Read: 1.3627s | Write: 0.2676s | Batch Time: 1.630276s | Total Time: 219.61s | ETA: 583.54s | Throughput: 157.03 MB/s
[27.54%] | Read: 1.3656s | Write: 0.2487s | Batch Time: 1.614306s | Total Time: 221.23s | ETA: 582.09s | Throughput: 158.58 MB/s
[27.73%] | Read: 1.3509s | Write: 0.2334s | Batch Time: 1.584233s | Total Time: 222.81s | ETA: 580.56s | Throughput: 161.59 MB/s
[27.93%] | Read: 1.3584s | Write: 0.2334s | Batch Time: 1.591862s | Total Time: 224.40s | ETA: 579.05s | Throughput: 160.82 MB/s
[28.12%] | Read: 1.3405s | Write: 0.2373s | Batch Time: 1.577732s | Total Time: 225.98s | ETA: 577.50s | Throughput: 162.26 MB/s
[28.32%] | Read: 1.3703s | Write: 0.2329s | Batch Time: 1.603219s | Total Time: 227.58s | ETA: 576.02s | Throughput: 159.68 MB/s
[28.52%] | Read: 1.3554s | Write: 0.2427s | Batch Time: 1.598101s | Total Time: 229.18s | ETA: 574.52s | Throughput: 160.19 MB/s
[28.71%] | Read: 1.3599s | Write: 0.2435s | Batch Time: 1.603457s | Total Time: 230.78s | ETA: 573.04s | Throughput: 159.66 MB/s
[28.91%] | Read: 1.3476s | Write: 0.2430s | Batch Time: 1.590629s | Total Time: 232.38s | ETA: 571.52s | Throughput: 160.94 MB/s
[29.10%] | Read: 1.3812s | Write: 0.2516s | Batch Time: 1.632786s | Total Time: 234.01s | ETA: 570.10s | Throughput: 156.79 MB/s
[29.30%] | Read: 1.3478s | Write: 0.2428s | Batch Time: 1.590591s | Total Time: 235.60s | ETA: 568.58s | Throughput: 160.95 MB/s
[29.49%] | Read: 1.3790s | Write: 0.2439s | Batch Time: 1.622916s | Total Time: 237.22s | ETA: 567.13s | Throughput: 157.74 MB/s
[29.69%] | Read: 1.3585s | Write: 0.2512s | Batch Time: 1.609718s | Total Time: 238.83s | ETA: 565.65s | Throughput: 159.03 MB/s
[29.88%] | Read: 1.3813s | Write: 0.2439s | Batch Time: 1.625226s | Total Time: 240.46s | ETA: 564.21s | Throughput: 157.52 MB/s
[30.08%] | Read: 1.3478s | Write: 0.2468s | Batch Time: 1.594592s | Total Time: 242.05s | ETA: 562.69s | Throughput: 160.54 MB/s
[30.27%] | Read: 1.3691s | Write: 0.2486s | Batch Time: 1.617757s | Total Time: 243.67s | ETA: 561.23s | Throughput: 158.24 MB/s
[30.47%] | Read: 1.3646s | Write: 0.2446s | Batch Time: 1.609154s | Total Time: 245.28s | ETA: 559.74s | Throughput: 159.09 MB/s
[30.66%] | Read: 1.3743s | Write: 0.2426s | Batch Time: 1.616854s | Total Time: 246.90s | ETA: 558.27s | Throughput: 158.33 MB/s
[30.86%] | Read: 1.3574s | Write: 0.2498s | Batch Time: 1.607206s | Total Time: 248.50s | ETA: 556.77s | Throughput: 159.28 MB/s
[31.05%] | Read: 1.3579s | Write: 0.2505s | Batch Time: 1.608425s | Total Time: 250.11s | ETA: 555.28s | Throughput: 159.16 MB/s
[31.25%] | Read: 1.3571s | Write: 0.2438s | Batch Time: 1.600944s | Total Time: 251.71s | ETA: 553.77s | Throughput: 159.91 MB/s
[31.45%] | Read: 1.3809s | Write: 0.2511s | Batch Time: 1.631965s | Total Time: 253.34s | ETA: 552.32s | Throughput: 156.87 MB/s
[31.64%] | Read: 1.3644s | Write: 0.2758s | Batch Time: 1.640133s | Total Time: 254.98s | ETA: 550.89s | Throughput: 156.08 MB/s
[31.84%] | Read: 1.3659s | Write: 0.2329s | Batch Time: 1.598839s | Total Time: 256.58s | ETA: 549.37s | Throughput: 160.12 MB/s
[32.03%] | Read: 1.3584s | Write: 0.2333s | Batch Time: 1.591702s | Total Time: 258.17s | ETA: 547.83s | Throughput: 160.83 MB/s
[32.23%] | Read: 1.3497s | Write: 0.2339s | Batch Time: 1.583648s | Total Time: 259.76s | ETA: 546.28s | Throughput: 161.65 MB/s
[32.42%] | Read: 1.3231s | Write: 0.2439s | Batch Time: 1.567055s | Total Time: 261.33s | ETA: 544.69s | Throughput: 163.36 MB/s
[32.62%] | Read: 1.3391s | Write: 0.2472s | Batch Time: 1.586339s | Total Time: 262.91s | ETA: 543.14s | Throughput: 161.38 MB/s
[32.81%] | Read: 1.3356s | Write: 0.2442s | Batch Time: 1.579762s | Total Time: 264.49s | ETA: 541.58s | Throughput: 162.05 MB/s
[33.01%] | Read: 1.3468s | Write: 0.2494s | Batch Time: 1.596213s | Total Time: 266.09s | ETA: 540.05s | Throughput: 160.38 MB/s
[33.20%] | Read: 1.3253s | Write: 0.2533s | Batch Time: 1.578534s | Total Time: 267.67s | ETA: 538.48s | Throughput: 162.18 MB/s
[33.40%] | Read: 1.3470s | Write: 0.2495s | Batch Time: 1.596492s | Total Time: 269.26s | ETA: 536.95s | Throughput: 160.35 MB/s
[33.59%] | Read: 1.3212s | Write: 0.2496s | Batch Time: 1.570816s | Total Time: 270.83s | ETA: 535.37s | Throughput: 162.97 MB/s
[33.79%] | Read: 1.3365s | Write: 0.2493s | Batch Time: 1.585784s | Total Time: 272.42s | ETA: 533.82s | Throughput: 161.43 MB/s
[33.98%] | Read: 1.3247s | Write: 0.2598s | Batch Time: 1.584451s | Total Time: 274.00s | ETA: 532.26s | Throughput: 161.57 MB/s
[34.18%] | Read: 1.3323s | Write: 0.2548s | Batch Time: 1.587145s | Total Time: 275.59s | ETA: 530.71s | Throughput: 161.30 MB/s
[34.38%] | Read: 1.3192s | Write: 0.2527s | Batch Time: 1.571945s | Total Time: 277.16s | ETA: 529.13s | Throughput: 162.86 MB/s
[34.57%] | Read: 1.3385s | Write: 0.2516s | Batch Time: 1.590086s | Total Time: 278.75s | ETA: 527.58s | Throughput: 161.00 MB/s
[34.77%] | Read: 1.3149s | Write: 0.2525s | Batch Time: 1.567349s | Total Time: 280.32s | ETA: 525.99s | Throughput: 163.33 MB/s
[34.96%] | Read: 1.3472s | Write: 0.2500s | Batch Time: 1.597190s | Total Time: 281.92s | ETA: 524.46s | Throughput: 160.28 MB/s
[35.16%] | Read: 1.3207s | Write: 0.2509s | Batch Time: 1.571636s | Total Time: 283.49s | ETA: 522.88s | Throughput: 162.89 MB/s
[35.35%] | Read: 1.3435s | Write: 0.2510s | Batch Time: 1.594532s | Total Time: 285.08s | ETA: 521.34s | Throughput: 160.55 MB/s
[35.55%] | Read: 1.3228s | Write: 0.2604s | Batch Time: 1.583192s | Total Time: 286.67s | ETA: 519.78s | Throughput: 161.70 MB/s
[35.74%] | Read: 1.3315s | Write: 0.2366s | Batch Time: 1.568108s | Total Time: 288.23s | ETA: 518.19s | Throughput: 163.25 MB/s
[35.94%] | Read: 1.3132s | Write: 0.2334s | Batch Time: 1.546578s | Total Time: 289.78s | ETA: 516.57s | Throughput: 165.53 MB/s
[36.13%] | Read: 1.3291s | Write: 0.2345s | Batch Time: 1.563573s | Total Time: 291.35s | ETA: 514.97s | Throughput: 163.73 MB/s
[36.33%] | Read: 1.3348s | Write: 0.2762s | Batch Time: 1.611056s | Total Time: 292.96s | ETA: 513.46s | Throughput: 158.90 MB/s
[36.52%] | Read: 1.3560s | Write: 0.2733s | Batch Time: 1.629323s | Total Time: 294.59s | ETA: 511.98s | Throughput: 157.12 MB/s
[36.72%] | Read: 1.3387s | Write: 0.2715s | Batch Time: 1.610152s | Total Time: 296.20s | ETA: 510.46s | Throughput: 158.99 MB/s
[36.91%] | Read: 1.3573s | Write: 0.2749s | Batch Time: 1.632230s | Total Time: 297.83s | ETA: 508.99s | Throughput: 156.84 MB/s
[37.11%] | Read: 1.3576s | Write: 0.2748s | Batch Time: 1.632369s | Total Time: 299.46s | ETA: 507.51s | Throughput: 156.83 MB/s
[37.30%] | Read: 1.3740s | Write: 0.2837s | Batch Time: 1.657690s | Total Time: 301.12s | ETA: 506.07s | Throughput: 154.43 MB/s
[37.50%] | Read: 1.3569s | Write: 0.2759s | Batch Time: 1.632888s | Total Time: 302.75s | ETA: 504.58s | Throughput: 156.78 MB/s
[37.70%] | Read: 1.3829s | Write: 0.2733s | Batch Time: 1.656186s | Total Time: 304.41s | ETA: 503.14s | Throughput: 154.57 MB/s
[37.89%] | Read: 1.3408s | Write: 0.2503s | Batch Time: 1.591118s | Total Time: 306.00s | ETA: 501.58s | Throughput: 160.89 MB/s
[38.09%] | Read: 1.3604s | Write: 0.2524s | Batch Time: 1.612818s | Total Time: 307.61s | ETA: 500.07s | Throughput: 158.73 MB/s
[38.28%] | Read: 1.3640s | Write: 0.2509s | Batch Time: 1.614954s | Total Time: 309.23s | ETA: 498.55s | Throughput: 158.52 MB/s
[38.48%] | Read: 1.3825s | Write: 0.2582s | Batch Time: 1.640679s | Total Time: 310.87s | ETA: 497.07s | Throughput: 156.03 MB/s
[38.67%] | Read: 1.3662s | Write: 0.2510s | Batch Time: 1.617163s | Total Time: 312.48s | ETA: 495.56s | Throughput: 158.30 MB/s
[38.87%] | Read: 1.3808s | Write: 0.2730s | Batch Time: 1.653810s | Total Time: 314.14s | ETA: 494.10s | Throughput: 154.79 MB/s
[39.06%] | Read: 1.3516s | Write: 0.2811s | Batch Time: 1.632671s | Total Time: 315.77s | ETA: 492.60s | Throughput: 156.80 MB/s
[39.26%] | Read: 1.3846s | Write: 0.2766s | Batch Time: 1.661244s | Total Time: 317.43s | ETA: 491.15s | Throughput: 154.10 MB/s
[39.45%] | Read: 1.3729s | Write: 0.2580s | Batch Time: 1.630913s | Total Time: 319.06s | ETA: 489.65s | Throughput: 156.97 MB/s
[39.65%] | Read: 1.3759s | Write: 0.2369s | Batch Time: 1.612773s | Total Time: 320.68s | ETA: 488.12s | Throughput: 158.73 MB/s
[39.84%] | Read: 1.3379s | Write: 0.2331s | Batch Time: 1.570999s | Total Time: 322.25s | ETA: 486.53s | Throughput: 162.95 MB/s
[40.04%] | Read: 1.3632s | Write: 0.2346s | Batch Time: 1.597809s | Total Time: 323.84s | ETA: 484.98s | Throughput: 160.22 MB/s
[40.23%] | Read: 1.3582s | Write: 0.2787s | Batch Time: 1.636884s | Total Time: 325.48s | ETA: 483.48s | Throughput: 156.39 MB/s
[40.43%] | Read: 1.3637s | Write: 0.2489s | Batch Time: 1.612678s | Total Time: 327.09s | ETA: 481.95s | Throughput: 158.74 MB/s
[40.62%] | Read: 1.3550s | Write: 0.2488s | Batch Time: 1.603823s | Total Time: 328.70s | ETA: 480.40s | Throughput: 159.62 MB/s
[40.82%] | Read: 1.3818s | Write: 0.2498s | Batch Time: 1.631540s | Total Time: 330.33s | ETA: 478.90s | Throughput: 156.91 MB/s
[41.02%] | Read: 1.3637s | Write: 0.2726s | Batch Time: 1.636274s | Total Time: 331.97s | ETA: 477.40s | Throughput: 156.45 MB/s
[41.21%] | Read: 1.3645s | Write: 0.2477s | Batch Time: 1.612244s | Total Time: 333.58s | ETA: 475.86s | Throughput: 158.78 MB/s
[41.41%] | Read: 1.3526s | Write: 0.2570s | Batch Time: 1.609612s | Total Time: 335.19s | ETA: 474.32s | Throughput: 159.04 MB/s
[41.60%] | Read: 1.3578s | Write: 0.2485s | Batch Time: 1.606311s | Total Time: 336.79s | ETA: 472.78s | Throughput: 159.37 MB/s
[41.80%] | Read: 1.3665s | Write: 0.2532s | Batch Time: 1.619718s | Total Time: 338.41s | ETA: 471.25s | Throughput: 158.05 MB/s
[41.99%] | Read: 1.4027s | Write: 0.2497s | Batch Time: 1.652459s | Total Time: 340.07s | ETA: 469.77s | Throughput: 154.92 MB/s
[42.19%] | Read: 1.3726s | Write: 0.2496s | Batch Time: 1.622222s | Total Time: 341.69s | ETA: 468.24s | Throughput: 157.81 MB/s
[42.38%] | Read: 1.3486s | Write: 0.2527s | Batch Time: 1.601230s | Total Time: 343.29s | ETA: 466.68s | Throughput: 159.88 MB/s
[42.58%] | Read: 1.3363s | Write: 0.2508s | Batch Time: 1.587095s | Total Time: 344.88s | ETA: 465.11s | Throughput: 161.30 MB/s
[42.77%] | Read: 1.3272s | Write: 0.2509s | Batch Time: 1.578051s | Total Time: 346.45s | ETA: 463.52s | Throughput: 162.23 MB/s
[42.97%] | Read: 1.3080s | Write: 0.2511s | Batch Time: 1.559097s | Total Time: 348.01s | ETA: 461.91s | Throughput: 164.20 MB/s
[43.16%] | Read: 1.3133s | Write: 0.2507s | Batch Time: 1.563976s | Total Time: 349.58s | ETA: 460.30s | Throughput: 163.69 MB/s
[43.36%] | Read: 1.3058s | Write: 0.2363s | Batch Time: 1.542042s | Total Time: 351.12s | ETA: 458.67s | Throughput: 166.01 MB/s
[43.55%] | Read: 1.3289s | Write: 0.2326s | Batch Time: 1.561507s | Total Time: 352.68s | ETA: 457.06s | Throughput: 163.94 MB/s
[43.75%] | Read: 1.3073s | Write: 0.2334s | Batch Time: 1.540690s | Total Time: 354.22s | ETA: 455.43s | Throughput: 166.16 MB/s
[43.95%] | Read: 1.3135s | Write: 0.2342s | Batch Time: 1.547632s | Total Time: 355.77s | ETA: 453.80s | Throughput: 165.41 MB/s
[44.14%] | Read: 1.3054s | Write: 0.2644s | Batch Time: 1.569771s | Total Time: 357.34s | ETA: 452.21s | Throughput: 163.08 MB/s
[44.34%] | Read: 1.3079s | Write: 0.2690s | Batch Time: 1.576968s | Total Time: 358.92s | ETA: 450.62s | Throughput: 162.34 MB/s
[44.53%] | Read: 1.3210s | Write: 0.2677s | Batch Time: 1.588670s | Total Time: 360.50s | ETA: 449.05s | Throughput: 161.14 MB/s
[44.73%] | Read: 1.3213s | Write: 0.2665s | Batch Time: 1.587799s | Total Time: 362.09s | ETA: 447.48s | Throughput: 161.23 MB/s
[44.92%] | Read: 1.2980s | Write: 0.2704s | Batch Time: 1.568363s | Total Time: 363.66s | ETA: 445.88s | Throughput: 163.23 MB/s
[45.12%] | Read: 1.3608s | Write: 0.2627s | Batch Time: 1.623491s | Total Time: 365.28s | ETA: 444.35s | Throughput: 157.68 MB/s
[45.31%] | Read: 1.2987s | Write: 0.2644s | Batch Time: 1.563123s | Total Time: 366.85s | ETA: 442.75s | Throughput: 163.77 MB/s
[45.51%] | Read: 1.3195s | Write: 0.2672s | Batch Time: 1.586744s | Total Time: 368.43s | ETA: 441.17s | Throughput: 161.34 MB/s
[45.70%] | Read: 1.3148s | Write: 0.2612s | Batch Time: 1.576003s | Total Time: 370.01s | ETA: 439.59s | Throughput: 162.44 MB/s
[45.90%] | Read: 1.2948s | Write: 0.2686s | Batch Time: 1.563401s | Total Time: 371.57s | ETA: 437.98s | Throughput: 163.75 MB/s
[46.09%] | Read: 1.3040s | Write: 0.2660s | Batch Time: 1.569917s | Total Time: 373.14s | ETA: 436.39s | Throughput: 163.07 MB/s
[46.29%] | Read: 1.3066s | Write: 0.2668s | Batch Time: 1.573360s | Total Time: 374.72s | ETA: 434.80s | Throughput: 162.71 MB/s
[46.48%] | Read: 1.3059s | Write: 0.2700s | Batch Time: 1.575960s | Total Time: 376.29s | ETA: 433.21s | Throughput: 162.44 MB/s
[46.68%] | Read: 1.3080s | Write: 0.2651s | Batch Time: 1.573179s | Total Time: 377.87s | ETA: 431.62s | Throughput: 162.73 MB/s
[46.88%] | Read: 1.3126s | Write: 0.2661s | Batch Time: 1.578675s | Total Time: 379.45s | ETA: 430.04s | Throughput: 162.16 MB/s
[47.07%] | Read: 1.2931s | Write: 0.2568s | Batch Time: 1.549847s | Total Time: 380.99s | ETA: 428.42s | Throughput: 165.18 MB/s
[47.27%] | Read: 1.3335s | Write: 0.2509s | Batch Time: 1.584377s | Total Time: 382.58s | ETA: 426.84s | Throughput: 161.58 MB/s
[47.46%] | Read: 1.2972s | Write: 0.2368s | Batch Time: 1.533966s | Total Time: 384.11s | ETA: 425.21s | Throughput: 166.89 MB/s
[47.66%] | Read: 1.3103s | Write: 0.2349s | Batch Time: 1.545156s | Total Time: 385.66s | ETA: 423.59s | Throughput: 165.68 MB/s
[47.85%] | Read: 1.3015s | Write: 0.2379s | Batch Time: 1.539345s | Total Time: 387.20s | ETA: 421.97s | Throughput: 166.30 MB/s
[48.05%] | Read: 1.3291s | Write: 0.2655s | Batch Time: 1.594559s | Total Time: 388.79s | ETA: 420.40s | Throughput: 160.55 MB/s
[48.24%] | Read: 1.2822s | Write: 0.2594s | Batch Time: 1.541606s | Total Time: 390.33s | ETA: 418.78s | Throughput: 166.06 MB/s
[48.44%] | Read: 1.3020s | Write: 0.2597s | Batch Time: 1.561701s | Total Time: 391.90s | ETA: 417.18s | Throughput: 163.92 MB/s
[48.63%] | Read: 1.2829s | Write: 0.2627s | Batch Time: 1.545561s | Total Time: 393.44s | ETA: 415.56s | Throughput: 165.64 MB/s
[48.83%] | Read: 1.3684s | Write: 0.2603s | Batch Time: 1.628788s | Total Time: 395.07s | ETA: 414.03s | Throughput: 157.17 MB/s
[49.02%] | Read: 1.2961s | Write: 0.2655s | Batch Time: 1.561662s | Total Time: 396.63s | ETA: 412.43s | Throughput: 163.93 MB/s
[49.22%] | Read: 1.2908s | Write: 0.2560s | Batch Time: 1.546788s | Total Time: 398.18s | ETA: 410.82s | Throughput: 165.50 MB/s
[49.41%] | Read: 1.3155s | Write: 0.2847s | Batch Time: 1.600225s | Total Time: 399.78s | ETA: 409.26s | Throughput: 159.98 MB/s
[49.61%] | Read: 1.2878s | Write: 0.2784s | Batch Time: 1.566161s | Total Time: 401.34s | ETA: 407.67s | Throughput: 163.46 MB/s
[49.80%] | Read: 1.2964s | Write: 0.2588s | Batch Time: 1.555241s | Total Time: 402.90s | ETA: 406.06s | Throughput: 164.60 MB/s
[50.00%] | Read: 1.2971s | Write: 0.2583s | Batch Time: 1.555375s | Total Time: 404.46s | ETA: 404.46s | Throughput: 164.59 MB/s
[50.20%] | Read: 1.3140s | Write: 0.2658s | Batch Time: 1.579787s | Total Time: 406.04s | ETA: 402.88s | Throughput: 162.05 MB/s
[50.39%] | Read: 1.2986s | Write: 0.2601s | Batch Time: 1.558697s | Total Time: 407.59s | ETA: 401.27s | Throughput: 164.24 MB/s
[50.59%] | Read: 1.3796s | Write: 0.2632s | Batch Time: 1.642860s | Total Time: 409.24s | ETA: 399.76s | Throughput: 155.83 MB/s
[50.78%] | Read: 1.2846s | Write: 0.2614s | Batch Time: 1.546059s | Total Time: 410.78s | ETA: 398.14s | Throughput: 165.58 MB/s
[50.98%] | Read: 1.3033s | Write: 0.2598s | Batch Time: 1.563066s | Total Time: 412.35s | ETA: 396.55s | Throughput: 163.78 MB/s
[51.17%] | Read: 1.2934s | Write: 0.2591s | Batch Time: 1.552519s | Total Time: 413.90s | ETA: 394.94s | Throughput: 164.89 MB/s
[51.37%] | Read: 1.3084s | Write: 0.2444s | Batch Time: 1.552818s | Total Time: 415.45s | ETA: 393.34s | Throughput: 164.86 MB/s
[51.56%] | Read: 1.2951s | Write: 0.2426s | Batch Time: 1.537657s | Total Time: 416.99s | ETA: 391.72s | Throughput: 166.49 MB/s
[51.76%] | Read: 1.3134s | Write: 0.2469s | Batch Time: 1.560249s | Total Time: 418.55s | ETA: 390.12s | Throughput: 164.08 MB/s
[51.95%] | Read: 1.2843s | Write: 0.2590s | Batch Time: 1.543289s | Total Time: 420.09s | ETA: 388.51s | Throughput: 165.88 MB/s
[52.15%] | Read: 1.3303s | Write: 0.2818s | Batch Time: 1.612080s | Total Time: 421.70s | ETA: 386.96s | Throughput: 158.80 MB/s
[52.34%] | Read: 1.2907s | Write: 0.2660s | Batch Time: 1.556628s | Total Time: 423.26s | ETA: 385.36s | Throughput: 164.46 MB/s
[52.54%] | Read: 1.3124s | Write: 0.2616s | Batch Time: 1.574008s | Total Time: 424.84s | ETA: 383.77s | Throughput: 162.64 MB/s
[52.73%] | Read: 1.2832s | Write: 0.2605s | Batch Time: 1.543767s | Total Time: 426.38s | ETA: 382.16s | Throughput: 165.83 MB/s
[52.93%] | Read: 1.3070s | Write: 0.2733s | Batch Time: 1.580276s | Total Time: 427.96s | ETA: 380.58s | Throughput: 162.00 MB/s
[53.12%] | Read: 1.2991s | Write: 0.2744s | Batch Time: 1.573502s | Total Time: 429.53s | ETA: 379.00s | Throughput: 162.69 MB/s
[53.32%] | Read: 1.3067s | Write: 0.2777s | Batch Time: 1.584350s | Total Time: 431.12s | ETA: 377.43s | Throughput: 161.58 MB/s
[53.52%] | Read: 1.2949s | Write: 0.2734s | Batch Time: 1.568306s | Total Time: 432.69s | ETA: 375.84s | Throughput: 163.23 MB/s
[53.71%] | Read: 1.3215s | Write: 0.2682s | Batch Time: 1.589663s | Total Time: 434.28s | ETA: 374.27s | Throughput: 161.04 MB/s
[53.91%] | Read: 1.3156s | Write: 0.2706s | Batch Time: 1.586222s | Total Time: 435.86s | ETA: 372.69s | Throughput: 161.39 MB/s
[54.10%] | Read: 1.3360s | Write: 0.2701s | Batch Time: 1.606115s | Total Time: 437.47s | ETA: 371.14s | Throughput: 159.39 MB/s
[54.30%] | Read: 1.3752s | Write: 0.2695s | Batch Time: 1.644750s | Total Time: 439.11s | ETA: 369.61s | Throughput: 155.65 MB/s
[54.49%] | Read: 1.3304s | Write: 0.2640s | Batch Time: 1.594329s | Total Time: 440.71s | ETA: 368.05s | Throughput: 160.57 MB/s
[54.69%] | Read: 1.3178s | Write: 0.2690s | Batch Time: 1.586869s | Total Time: 442.29s | ETA: 366.47s | Throughput: 161.32 MB/s
[54.88%] | Read: 1.3285s | Write: 0.2743s | Batch Time: 1.602857s | Total Time: 443.90s | ETA: 364.91s | Throughput: 159.71 MB/s
[55.08%] | Read: 1.3230s | Write: 0.2702s | Batch Time: 1.593147s | Total Time: 445.49s | ETA: 363.34s | Throughput: 160.69 MB/s
[55.27%] | Read: 1.3363s | Write: 0.2423s | Batch Time: 1.578646s | Total Time: 447.07s | ETA: 361.76s | Throughput: 162.16 MB/s
[55.47%] | Read: 1.3141s | Write: 0.2464s | Batch Time: 1.560495s | Total Time: 448.63s | ETA: 360.17s | Throughput: 164.05 MB/s
[55.66%] | Read: 1.3260s | Write: 0.2427s | Batch Time: 1.568774s | Total Time: 450.20s | ETA: 358.58s | Throughput: 163.18 MB/s
[55.86%] | Read: 1.3186s | Write: 0.2722s | Batch Time: 1.590723s | Total Time: 451.79s | ETA: 357.01s | Throughput: 160.93 MB/s
[56.05%] | Read: 1.3951s | Write: 0.2735s | Batch Time: 1.668669s | Total Time: 453.46s | ETA: 355.50s | Throughput: 153.42 MB/s
[56.25%] | Read: 1.3499s | Write: 0.2634s | Batch Time: 1.613338s | Total Time: 455.07s | ETA: 353.94s | Throughput: 158.68 MB/s
[56.45%] | Read: 1.3348s | Write: 0.2726s | Batch Time: 1.607487s | Total Time: 456.68s | ETA: 352.38s | Throughput: 159.25 MB/s
[56.64%] | Read: 1.3162s | Write: 0.2688s | Batch Time: 1.584934s | Total Time: 458.26s | ETA: 350.81s | Throughput: 161.52 MB/s
[56.84%] | Read: 1.3285s | Write: 0.2750s | Batch Time: 1.603462s | Total Time: 459.87s | ETA: 349.25s | Throughput: 159.65 MB/s
[57.03%] | Read: 1.3149s | Write: 0.2741s | Batch Time: 1.588976s | Total Time: 461.46s | ETA: 347.67s | Throughput: 161.11 MB/s
[57.23%] | Read: 1.3317s | Write: 0.2665s | Batch Time: 1.598219s | Total Time: 463.05s | ETA: 346.10s | Throughput: 160.18 MB/s
[57.42%] | Read: 1.3193s | Write: 0.2688s | Batch Time: 1.588132s | Total Time: 464.64s | ETA: 344.53s | Throughput: 161.20 MB/s
[57.62%] | Read: 1.3406s | Write: 0.2594s | Batch Time: 1.600037s | Total Time: 466.24s | ETA: 342.96s | Throughput: 160.00 MB/s
[57.81%] | Read: 1.3652s | Write: 0.2605s | Batch Time: 1.625738s | Total Time: 467.87s | ETA: 341.42s | Throughput: 157.47 MB/s
[58.01%] | Read: 1.3393s | Write: 0.2582s | Batch Time: 1.597551s | Total Time: 469.47s | ETA: 339.85s | Throughput: 160.25 MB/s
[58.20%] | Read: 1.3281s | Write: 0.2583s | Batch Time: 1.586353s | Total Time: 471.05s | ETA: 338.27s | Throughput: 161.38 MB/s
[58.40%] | Read: 1.3528s | Write: 0.2596s | Batch Time: 1.612394s | Total Time: 472.66s | ETA: 336.71s | Throughput: 158.77 MB/s
[58.59%] | Read: 1.3067s | Write: 0.2638s | Batch Time: 1.570552s | Total Time: 474.23s | ETA: 335.13s | Throughput: 163.00 MB/s
[58.79%] | Read: 1.3398s | Write: 0.2616s | Batch Time: 1.601413s | Total Time: 475.84s | ETA: 333.56s | Throughput: 159.86 MB/s
[58.98%] | Read: 1.3110s | Write: 0.2681s | Batch Time: 1.579065s | Total Time: 477.41s | ETA: 331.98s | Throughput: 162.12 MB/s
[59.18%] | Read: 1.3049s | Write: 0.2459s | Batch Time: 1.550810s | Total Time: 478.97s | ETA: 330.38s | Throughput: 165.08 MB/s
[59.38%] | Read: 1.2855s | Write: 0.2432s | Batch Time: 1.528664s | Total Time: 480.49s | ETA: 328.76s | Throughput: 167.47 MB/s
[59.57%] | Read: 1.3262s | Write: 0.2421s | Batch Time: 1.568301s | Total Time: 482.06s | ETA: 327.17s | Throughput: 163.23 MB/s
[59.77%] | Read: 1.2845s | Write: 0.2728s | Batch Time: 1.557224s | Total Time: 483.62s | ETA: 325.57s | Throughput: 164.40 MB/s
[59.96%] | Read: 1.2938s | Write: 0.2747s | Batch Time: 1.568568s | Total Time: 485.19s | ETA: 323.99s | Throughput: 163.21 MB/s
[60.16%] | Read: 1.2641s | Write: 0.2765s | Batch Time: 1.540626s | Total Time: 486.73s | ETA: 322.38s | Throughput: 166.17 MB/s
[60.35%] | Read: 1.2733s | Write: 0.2789s | Batch Time: 1.552261s | Total Time: 488.28s | ETA: 320.78s | Throughput: 164.92 MB/s
[60.55%] | Read: 1.2752s | Write: 0.2781s | Batch Time: 1.553304s | Total Time: 489.83s | ETA: 319.18s | Throughput: 164.81 MB/s
[60.74%] | Read: 1.2862s | Write: 0.2789s | Batch Time: 1.565104s | Total Time: 491.40s | ETA: 317.59s | Throughput: 163.57 MB/s
[60.94%] | Read: 1.2785s | Write: 0.2737s | Batch Time: 1.552188s | Total Time: 492.95s | ETA: 315.99s | Throughput: 164.93 MB/s
[61.13%] | Read: 1.2960s | Write: 0.2710s | Batch Time: 1.567026s | Total Time: 494.52s | ETA: 314.41s | Throughput: 163.37 MB/s
[61.33%] | Read: 1.2904s | Write: 0.2763s | Batch Time: 1.566672s | Total Time: 496.09s | ETA: 312.82s | Throughput: 163.40 MB/s
[61.52%] | Read: 1.2773s | Write: 0.2747s | Batch Time: 1.551974s | Total Time: 497.64s | ETA: 311.22s | Throughput: 164.95 MB/s
[61.72%] | Read: 1.2700s | Write: 0.2764s | Batch Time: 1.546416s | Total Time: 499.18s | ETA: 309.62s | Throughput: 165.54 MB/s
[61.91%] | Read: 1.2911s | Write: 0.2765s | Batch Time: 1.567546s | Total Time: 500.75s | ETA: 308.03s | Throughput: 163.31 MB/s
[62.11%] | Read: 1.2801s | Write: 0.2762s | Batch Time: 1.556270s | Total Time: 502.31s | ETA: 306.44s | Throughput: 164.50 MB/s
[62.30%] | Read: 1.2797s | Write: 0.2748s | Batch Time: 1.554515s | Total Time: 503.86s | ETA: 304.84s | Throughput: 164.68 MB/s
[62.50%] | Read: 1.2733s | Write: 0.2693s | Batch Time: 1.542571s | Total Time: 505.41s | ETA: 303.24s | Throughput: 165.96 MB/s
[62.70%] | Read: 1.2755s | Write: 0.2760s | Batch Time: 1.551485s | Total Time: 506.96s | ETA: 301.65s | Throughput: 165.00 MB/s
[62.89%] | Read: 1.2687s | Write: 0.2759s | Batch Time: 1.544586s | Total Time: 508.50s | ETA: 300.05s | Throughput: 165.74 MB/s
[63.09%] | Read: 1.2866s | Write: 0.2747s | Batch Time: 1.561295s | Total Time: 510.06s | ETA: 298.46s | Throughput: 163.97 MB/s
[63.28%] | Read: 1.3294s | Write: 0.2425s | Batch Time: 1.571980s | Total Time: 511.63s | ETA: 296.87s | Throughput: 162.85 MB/s
[63.48%] | Read: 1.2834s | Write: 0.2434s | Batch Time: 1.526862s | Total Time: 513.16s | ETA: 295.27s | Throughput: 167.66 MB/s
[63.67%] | Read: 1.2788s | Write: 0.2420s | Batch Time: 1.520799s | Total Time: 514.68s | ETA: 293.65s | Throughput: 168.33 MB/s
[63.87%] | Read: 1.2805s | Write: 0.2646s | Batch Time: 1.545017s | Total Time: 516.23s | ETA: 292.06s | Throughput: 165.69 MB/s
[64.06%] | Read: 1.2916s | Write: 0.2590s | Batch Time: 1.550527s | Total Time: 517.78s | ETA: 290.46s | Throughput: 165.11 MB/s
[64.26%] | Read: 1.2827s | Write: 0.2605s | Batch Time: 1.543187s | Total Time: 519.32s | ETA: 288.86s | Throughput: 165.89 MB/s
[64.45%] | Read: 1.3235s | Write: 0.2601s | Batch Time: 1.583603s | Total Time: 520.90s | ETA: 287.29s | Throughput: 161.66 MB/s
[64.65%] | Read: 1.3298s | Write: 0.2603s | Batch Time: 1.590100s | Total Time: 522.49s | ETA: 285.71s | Throughput: 161.00 MB/s
[64.84%] | Read: 1.3491s | Write: 0.2602s | Batch Time: 1.609343s | Total Time: 524.10s | ETA: 284.15s | Throughput: 159.07 MB/s
[65.04%] | Read: 1.3509s | Write: 0.2591s | Batch Time: 1.610039s | Total Time: 525.71s | ETA: 282.59s | Throughput: 159.00 MB/s
[65.23%] | Read: 1.3477s | Write: 0.2605s | Batch Time: 1.608234s | Total Time: 527.32s | ETA: 281.03s | Throughput: 159.18 MB/s
[65.43%] | Read: 1.3164s | Write: 0.2660s | Batch Time: 1.582362s | Total Time: 528.90s | ETA: 279.45s | Throughput: 161.78 MB/s
[65.62%] | Read: 1.3354s | Write: 0.2615s | Batch Time: 1.596940s | Total Time: 530.50s | ETA: 277.88s | Throughput: 160.31 MB/s
[65.82%] | Read: 1.3256s | Write: 0.2603s | Batch Time: 1.585971s | Total Time: 532.09s | ETA: 276.31s | Throughput: 161.42 MB/s
[66.02%] | Read: 1.3401s | Write: 0.2630s | Batch Time: 1.603042s | Total Time: 533.69s | ETA: 274.74s | Throughput: 159.70 MB/s
[66.21%] | Read: 1.3344s | Write: 0.2618s | Batch Time: 1.596228s | Total Time: 535.29s | ETA: 273.17s | Throughput: 160.38 MB/s
[66.41%] | Read: 1.3422s | Write: 0.2623s | Batch Time: 1.604441s | Total Time: 536.89s | ETA: 271.60s | Throughput: 159.56 MB/s
[66.60%] | Read: 1.3224s | Write: 0.2625s | Batch Time: 1.584865s | Total Time: 538.48s | ETA: 270.03s | Throughput: 161.53 MB/s
[66.80%] | Read: 1.4350s | Write: 0.2621s | Batch Time: 1.697094s | Total Time: 540.17s | ETA: 268.51s | Throughput: 150.85 MB/s
[66.99%] | Read: 1.3187s | Write: 0.2616s | Batch Time: 1.580316s | Total Time: 541.75s | ETA: 266.93s | Throughput: 161.99 MB/s
[67.19%] | Read: 1.3367s | Write: 0.2608s | Batch Time: 1.597465s | Total Time: 543.35s | ETA: 265.36s | Throughput: 160.25 MB/s
[67.38%] | Read: 1.3287s | Write: 0.2435s | Batch Time: 1.572218s | Total Time: 544.92s | ETA: 263.77s | Throughput: 162.83 MB/s
[67.58%] | Read: 1.3387s | Write: 0.2456s | Batch Time: 1.584294s | Total Time: 546.51s | ETA: 262.20s | Throughput: 161.59 MB/s
[67.77%] | Read: 1.3104s | Write: 0.2416s | Batch Time: 1.552034s | Total Time: 548.06s | ETA: 260.60s | Throughput: 164.94 MB/s
[67.97%] | Read: 1.3279s | Write: 0.2747s | Batch Time: 1.602571s | Total Time: 549.66s | ETA: 259.04s | Throughput: 159.74 MB/s
[68.16%] | Read: 1.3009s | Write: 0.2763s | Batch Time: 1.577181s | Total Time: 551.24s | ETA: 257.46s | Throughput: 162.31 MB/s
[68.36%] | Read: 1.2966s | Write: 0.2751s | Batch Time: 1.571621s | Total Time: 552.81s | ETA: 255.87s | Throughput: 162.89 MB/s
[68.55%] | Read: 1.3402s | Write: 0.2790s | Batch Time: 1.619166s | Total Time: 554.43s | ETA: 254.31s | Throughput: 158.11 MB/s
[68.75%] | Read: 1.2934s | Write: 0.2755s | Batch Time: 1.568959s | Total Time: 556.00s | ETA: 252.73s | Throughput: 163.17 MB/s
[68.95%] | Read: 1.3217s | Write: 0.2891s | Batch Time: 1.610865s | Total Time: 557.61s | ETA: 251.16s | Throughput: 158.92 MB/s
[69.14%] | Read: 1.2954s | Write: 0.2956s | Batch Time: 1.590945s | Total Time: 559.20s | ETA: 249.59s | Throughput: 160.91 MB/s
[69.34%] | Read: 1.3073s | Write: 0.2836s | Batch Time: 1.590866s | Total Time: 560.79s | ETA: 248.01s | Throughput: 160.92 MB/s
[69.53%] | Read: 1.2891s | Write: 0.2856s | Batch Time: 1.574657s | Total Time: 562.37s | ETA: 246.43s | Throughput: 162.58 MB/s
[69.73%] | Read: 1.3131s | Write: 0.2870s | Batch Time: 1.600135s | Total Time: 563.97s | ETA: 244.86s | Throughput: 159.99 MB/s
[69.92%] | Read: 1.2774s | Write: 0.2835s | Batch Time: 1.560894s | Total Time: 565.53s | ETA: 243.27s | Throughput: 164.01 MB/s
[70.12%] | Read: 1.2798s | Write: 0.2808s | Batch Time: 1.560603s | Total Time: 567.09s | ETA: 241.68s | Throughput: 164.04 MB/s
[70.31%] | Read: 1.2563s | Write: 0.2873s | Batch Time: 1.543568s | Total Time: 568.63s | ETA: 240.09s | Throughput: 165.85 MB/s
[70.51%] | Read: 1.2865s | Write: 0.2823s | Batch Time: 1.568828s | Total Time: 570.20s | ETA: 238.51s | Throughput: 163.18 MB/s
[70.70%] | Read: 1.2656s | Write: 0.2843s | Batch Time: 1.549854s | Total Time: 571.75s | ETA: 236.91s | Throughput: 165.18 MB/s
[70.90%] | Read: 1.2719s | Write: 0.2872s | Batch Time: 1.559105s | Total Time: 573.31s | ETA: 235.33s | Throughput: 164.20 MB/s
[71.09%] | Read: 1.2606s | Write: 0.2839s | Batch Time: 1.544514s | Total Time: 574.85s | ETA: 233.73s | Throughput: 165.75 MB/s
[71.29%] | Read: 1.2886s | Write: 0.2850s | Batch Time: 1.573549s | Total Time: 576.43s | ETA: 232.15s | Throughput: 162.69 MB/s
[71.48%] | Read: 1.2630s | Write: 0.2538s | Batch Time: 1.516799s | Total Time: 577.94s | ETA: 230.55s | Throughput: 168.78 MB/s
[71.68%] | Read: 1.2785s | Write: 0.2494s | Batch Time: 1.527922s | Total Time: 579.47s | ETA: 228.95s | Throughput: 167.55 MB/s
[71.88%] | Read: 1.2692s | Write: 0.2504s | Batch Time: 1.519576s | Total Time: 580.99s | ETA: 227.34s | Throughput: 168.47 MB/s
[72.07%] | Read: 1.2839s | Write: 0.2716s | Batch Time: 1.555582s | Total Time: 582.55s | ETA: 225.76s | Throughput: 164.57 MB/s
[72.27%] | Read: 1.3093s | Write: 0.2863s | Batch Time: 1.595627s | Total Time: 584.14s | ETA: 224.18s | Throughput: 160.44 MB/s
[72.46%] | Read: 1.2907s | Write: 0.2736s | Batch Time: 1.564219s | Total Time: 585.71s | ETA: 222.60s | Throughput: 163.66 MB/s
[72.66%] | Read: 1.2791s | Write: 0.2786s | Batch Time: 1.557716s | Total Time: 587.27s | ETA: 221.01s | Throughput: 164.34 MB/s
[72.85%] | Read: 1.2862s | Write: 0.2778s | Batch Time: 1.563999s | Total Time: 588.83s | ETA: 219.43s | Throughput: 163.68 MB/s
[73.05%] | Read: 1.2670s | Write: 0.2751s | Batch Time: 1.542026s | Total Time: 590.37s | ETA: 217.84s | Throughput: 166.02 MB/s
[73.24%] | Read: 1.2842s | Write: 0.2809s | Batch Time: 1.565072s | Total Time: 591.94s | ETA: 216.25s | Throughput: 163.57 MB/s
[73.44%] | Read: 1.2751s | Write: 0.2750s | Batch Time: 1.550113s | Total Time: 593.49s | ETA: 214.67s | Throughput: 165.15 MB/s
[73.63%] | Read: 1.2864s | Write: 0.2778s | Batch Time: 1.564182s | Total Time: 595.05s | ETA: 213.08s | Throughput: 163.66 MB/s
[73.83%] | Read: 1.2812s | Write: 0.2800s | Batch Time: 1.561168s | Total Time: 596.61s | ETA: 211.50s | Throughput: 163.98 MB/s
[74.02%] | Read: 1.3187s | Write: 0.2742s | Batch Time: 1.592902s | Total Time: 598.20s | ETA: 209.92s | Throughput: 160.71 MB/s
[74.22%] | Read: 1.2785s | Write: 0.2842s | Batch Time: 1.562722s | Total Time: 599.77s | ETA: 208.34s | Throughput: 163.82 MB/s
[74.41%] | Read: 1.2838s | Write: 0.2806s | Batch Time: 1.564377s | Total Time: 601.33s | ETA: 206.76s | Throughput: 163.64 MB/s
[74.61%] | Read: 1.2754s | Write: 0.2736s | Batch Time: 1.548971s | Total Time: 602.88s | ETA: 205.17s | Throughput: 165.27 MB/s
[74.80%] | Read: 1.2795s | Write: 0.2727s | Batch Time: 1.552153s | Total Time: 604.43s | ETA: 203.58s | Throughput: 164.93 MB/s
[75.00%] | Read: 1.2699s | Write: 0.2785s | Batch Time: 1.548438s | Total Time: 605.98s | ETA: 201.99s | Throughput: 165.33 MB/s
[75.20%] | Read: 1.2780s | Write: 0.2770s | Batch Time: 1.555061s | Total Time: 607.54s | ETA: 200.41s | Throughput: 164.62 MB/s
[75.39%] | Read: 1.3091s | Write: 0.2774s | Batch Time: 1.586498s | Total Time: 609.12s | ETA: 198.83s | Throughput: 161.36 MB/s
[75.59%] | Read: 1.3322s | Write: 0.2745s | Batch Time: 1.606692s | Total Time: 610.73s | ETA: 197.26s | Throughput: 159.33 MB/s
[75.78%] | Read: 1.3230s | Write: 0.2493s | Batch Time: 1.572309s | Total Time: 612.30s | ETA: 195.68s | Throughput: 162.82 MB/s
[75.98%] | Read: 1.3457s | Write: 0.2535s | Batch Time: 1.599238s | Total Time: 613.90s | ETA: 194.11s | Throughput: 160.08 MB/s
[76.17%] | Read: 1.3191s | Write: 0.2502s | Batch Time: 1.569329s | Total Time: 615.47s | ETA: 192.53s | Throughput: 163.13 MB/s
[76.37%] | Read: 1.3398s | Write: 0.2752s | Batch Time: 1.615017s | Total Time: 617.09s | ETA: 190.97s | Throughput: 158.51 MB/s
[76.56%] | Read: 1.3220s | Write: 0.2791s | Batch Time: 1.601145s | Total Time: 618.69s | ETA: 189.39s | Throughput: 159.89 MB/s
[76.76%] | Read: 1.3358s | Write: 0.2757s | Batch Time: 1.611446s | Total Time: 620.30s | ETA: 187.83s | Throughput: 158.86 MB/s
[76.95%] | Read: 1.3240s | Write: 0.2813s | Batch Time: 1.605265s | Total Time: 621.90s | ETA: 186.26s | Throughput: 159.48 MB/s
[77.15%] | Read: 1.3400s | Write: 0.2772s | Batch Time: 1.617257s | Total Time: 623.52s | ETA: 184.69s | Throughput: 158.29 MB/s
[77.34%] | Read: 1.3201s | Write: 0.2760s | Batch Time: 1.596041s | Total Time: 625.12s | ETA: 183.12s | Throughput: 160.40 MB/s
[77.54%] | Read: 1.3306s | Write: 0.2770s | Batch Time: 1.607601s | Total Time: 626.72s | ETA: 181.54s | Throughput: 159.24 MB/s
[77.73%] | Read: 1.3121s | Write: 0.2754s | Batch Time: 1.587478s | Total Time: 628.31s | ETA: 179.97s | Throughput: 161.26 MB/s
[77.93%] | Read: 1.3395s | Write: 0.2873s | Batch Time: 1.626817s | Total Time: 629.94s | ETA: 178.40s | Throughput: 157.36 MB/s
[78.12%] | Read: 1.3104s | Write: 0.2791s | Batch Time: 1.589506s | Total Time: 631.53s | ETA: 176.83s | Throughput: 161.06 MB/s
[78.32%] | Read: 1.3358s | Write: 0.2816s | Batch Time: 1.617366s | Total Time: 633.15s | ETA: 175.26s | Throughput: 158.28 MB/s
[78.52%] | Read: 1.3250s | Write: 0.2803s | Batch Time: 1.605254s | Total Time: 634.75s | ETA: 173.69s | Throughput: 159.48 MB/s
[78.71%] | Read: 1.3337s | Write: 0.2858s | Batch Time: 1.619454s | Total Time: 636.37s | ETA: 172.12s | Throughput: 158.08 MB/s
[78.91%] | Read: 1.3124s | Write: 0.2801s | Batch Time: 1.592420s | Total Time: 637.96s | ETA: 170.54s | Throughput: 160.76 MB/s
[79.10%] | Read: 1.3504s | Write: 0.2767s | Batch Time: 1.627061s | Total Time: 639.59s | ETA: 168.98s | Throughput: 157.34 MB/s
[79.30%] | Read: 1.3543s | Write: 0.2861s | Batch Time: 1.640379s | Total Time: 641.23s | ETA: 167.41s | Throughput: 156.06 MB/s
[79.49%] | Read: 1.3780s | Write: 0.2866s | Batch Time: 1.664627s | Total Time: 642.90s | ETA: 165.86s | Throughput: 153.79 MB/s
[79.69%] | Read: 1.3685s | Write: 0.2833s | Batch Time: 1.651813s | Total Time: 644.55s | ETA: 164.30s | Throughput: 154.98 MB/s
[79.88%] | Read: 1.3808s | Write: 0.2538s | Batch Time: 1.634571s | Total Time: 646.18s | ETA: 162.73s | Throughput: 156.62 MB/s
[80.08%] | Read: 1.3606s | Write: 0.2513s | Batch Time: 1.611861s | Total Time: 647.79s | ETA: 161.16s | Throughput: 158.82 MB/s
[80.27%] | Read: 1.3790s | Write: 0.2493s | Batch Time: 1.628304s | Total Time: 649.42s | ETA: 159.59s | Throughput: 157.22 MB/s
[80.47%] | Read: 1.3568s | Write: 0.2620s | Batch Time: 1.618792s | Total Time: 651.04s | ETA: 158.02s | Throughput: 158.14 MB/s
[80.66%] | Read: 1.3758s | Write: 0.2808s | Batch Time: 1.656668s | Total Time: 652.70s | ETA: 156.46s | Throughput: 154.53 MB/s
[80.86%] | Read: 1.3637s | Write: 0.2819s | Batch Time: 1.645653s | Total Time: 654.34s | ETA: 154.89s | Throughput: 155.56 MB/s
[81.05%] | Read: 1.3264s | Write: 0.2794s | Batch Time: 1.605830s | Total Time: 655.95s | ETA: 153.32s | Throughput: 159.42 MB/s
[81.25%] | Read: 1.3101s | Write: 0.2794s | Batch Time: 1.589525s | Total Time: 657.54s | ETA: 151.74s | Throughput: 161.05 MB/s
[81.45%] | Read: 1.3310s | Write: 0.2810s | Batch Time: 1.611973s | Total Time: 659.15s | ETA: 150.17s | Throughput: 158.81 MB/s
[81.64%] | Read: 1.3104s | Write: 0.2791s | Batch Time: 1.589542s | Total Time: 660.74s | ETA: 148.59s | Throughput: 161.05 MB/s
[81.84%] | Read: 1.3309s | Write: 0.2813s | Batch Time: 1.612195s | Total Time: 662.35s | ETA: 147.01s | Throughput: 158.79 MB/s
[82.03%] | Read: 1.2992s | Write: 0.2850s | Batch Time: 1.584255s | Total Time: 663.94s | ETA: 145.43s | Throughput: 161.59 MB/s
[82.23%] | Read: 1.3378s | Write: 0.2792s | Batch Time: 1.616945s | Total Time: 665.55s | ETA: 143.86s | Throughput: 158.32 MB/s
[82.42%] | Read: 1.3174s | Write: 0.2819s | Batch Time: 1.599323s | Total Time: 667.15s | ETA: 142.28s | Throughput: 160.07 MB/s
[82.62%] | Read: 1.3315s | Write: 0.2863s | Batch Time: 1.617811s | Total Time: 668.77s | ETA: 140.71s | Throughput: 158.24 MB/s
[82.81%] | Read: 1.3201s | Write: 0.2825s | Batch Time: 1.602601s | Total Time: 670.37s | ETA: 139.13s | Throughput: 159.74 MB/s
[83.01%] | Read: 1.3392s | Write: 0.2826s | Batch Time: 1.621840s | Total Time: 671.99s | ETA: 137.56s | Throughput: 157.85 MB/s
[83.20%] | Read: 1.3153s | Write: 0.2839s | Batch Time: 1.599242s | Total Time: 673.59s | ETA: 135.98s | Throughput: 160.08 MB/s
[83.40%] | Read: 1.3209s | Write: 0.2828s | Batch Time: 1.603635s | Total Time: 675.20s | ETA: 134.41s | Throughput: 159.64 MB/s
[83.59%] | Read: 1.3225s | Write: 0.2814s | Batch Time: 1.603947s | Total Time: 676.80s | ETA: 132.83s | Throughput: 159.61 MB/s
[83.79%] | Read: 1.3249s | Write: 0.2845s | Batch Time: 1.609356s | Total Time: 678.41s | ETA: 131.25s | Throughput: 159.07 MB/s
[83.98%] | Read: 1.3207s | Write: 0.2837s | Batch Time: 1.604441s | Total Time: 680.02s | ETA: 129.68s | Throughput: 159.56 MB/s
[84.18%] | Read: 1.3472s | Write: 0.2513s | Batch Time: 1.598496s | Total Time: 681.61s | ETA: 128.10s | Throughput: 160.15 MB/s
[84.38%] | Read: 1.3210s | Write: 0.2541s | Batch Time: 1.575115s | Total Time: 683.19s | ETA: 126.52s | Throughput: 162.53 MB/s
[84.57%] | Read: 1.3342s | Write: 0.2502s | Batch Time: 1.584361s | Total Time: 684.77s | ETA: 124.94s | Throughput: 161.58 MB/s
[84.77%] | Read: 1.3189s | Write: 0.2650s | Batch Time: 1.583911s | Total Time: 686.36s | ETA: 123.35s | Throughput: 161.63 MB/s
[84.96%] | Read: 1.3267s | Write: 0.2678s | Batch Time: 1.594577s | Total Time: 687.95s | ETA: 121.78s | Throughput: 160.54 MB/s
[85.16%] | Read: 1.3136s | Write: 0.2656s | Batch Time: 1.579187s | Total Time: 689.53s | ETA: 120.19s | Throughput: 162.11 MB/s
[85.35%] | Read: 1.3234s | Write: 0.2857s | Batch Time: 1.609113s | Total Time: 691.14s | ETA: 118.62s | Throughput: 159.09 MB/s
[85.55%] | Read: 1.3272s | Write: 0.2675s | Batch Time: 1.594686s | Total Time: 692.74s | ETA: 117.04s | Throughput: 160.53 MB/s
[85.74%] | Read: 1.3378s | Write: 0.2645s | Batch Time: 1.602335s | Total Time: 694.34s | ETA: 115.46s | Throughput: 159.77 MB/s
[85.94%] | Read: 1.3251s | Write: 0.2736s | Batch Time: 1.598700s | Total Time: 695.94s | ETA: 113.88s | Throughput: 160.13 MB/s
[86.13%] | Read: 1.3319s | Write: 0.2651s | Batch Time: 1.597025s | Total Time: 697.53s | ETA: 112.30s | Throughput: 160.30 MB/s
[86.33%] | Read: 1.3205s | Write: 0.2680s | Batch Time: 1.588461s | Total Time: 699.12s | ETA: 110.72s | Throughput: 161.16 MB/s
[86.52%] | Read: 1.3987s | Write: 0.2729s | Batch Time: 1.671535s | Total Time: 700.79s | ETA: 109.15s | Throughput: 153.15 MB/s
[86.72%] | Read: 1.3579s | Write: 0.2675s | Batch Time: 1.625387s | Total Time: 702.42s | ETA: 107.58s | Throughput: 157.50 MB/s
[86.91%] | Read: 1.3431s | Write: 0.2687s | Batch Time: 1.611789s | Total Time: 704.03s | ETA: 106.00s | Throughput: 158.83 MB/s
[87.11%] | Read: 1.3571s | Write: 0.2687s | Batch Time: 1.625800s | Total Time: 705.66s | ETA: 104.42s | Throughput: 157.46 MB/s
[87.30%] | Read: 1.3376s | Write: 0.2658s | Batch Time: 1.603386s | Total Time: 707.26s | ETA: 102.85s | Throughput: 159.66 MB/s
[87.50%] | Read: 1.3611s | Write: 0.2672s | Batch Time: 1.628330s | Total Time: 708.89s | ETA: 101.27s | Throughput: 157.22 MB/s
[87.70%] | Read: 1.3537s | Write: 0.2691s | Batch Time: 1.622843s | Total Time: 710.51s | ETA: 99.69s | Throughput: 157.75 MB/s
[87.89%] | Read: 1.3526s | Write: 0.2663s | Batch Time: 1.618939s | Total Time: 712.13s | ETA: 98.12s | Throughput: 158.13 MB/s
[88.09%] | Read: 1.3566s | Write: 0.2722s | Batch Time: 1.628719s | Total Time: 713.76s | ETA: 96.54s | Throughput: 157.18 MB/s
[88.28%] | Read: 1.3662s | Write: 0.2506s | Batch Time: 1.616780s | Total Time: 715.38s | ETA: 94.96s | Throughput: 158.34 MB/s
[88.48%] | Read: 1.3472s | Write: 0.2500s | Batch Time: 1.597202s | Total Time: 716.97s | ETA: 93.38s | Throughput: 160.28 MB/s
[88.67%] | Read: 1.3554s | Write: 0.2584s | Batch Time: 1.613803s | Total Time: 718.59s | ETA: 91.80s | Throughput: 158.63 MB/s
[88.87%] | Read: 1.3390s | Write: 0.2760s | Batch Time: 1.614966s | Total Time: 720.20s | ETA: 90.22s | Throughput: 158.52 MB/s
[89.06%] | Read: 1.3550s | Write: 0.2752s | Batch Time: 1.630267s | Total Time: 721.83s | ETA: 88.65s | Throughput: 157.03 MB/s
[89.26%] | Read: 1.3379s | Write: 0.2794s | Batch Time: 1.617299s | Total Time: 723.45s | ETA: 87.07s | Throughput: 158.29 MB/s
[89.45%] | Read: 1.3681s | Write: 0.2761s | Batch Time: 1.644266s | Total Time: 725.09s | ETA: 85.49s | Throughput: 155.69 MB/s
[89.65%] | Read: 1.3381s | Write: 0.2742s | Batch Time: 1.612322s | Total Time: 726.71s | ETA: 83.91s | Throughput: 158.78 MB/s
[89.84%] | Read: 1.3626s | Write: 0.3265s | Batch Time: 1.689062s | Total Time: 728.39s | ETA: 82.34s | Throughput: 151.56 MB/s
[90.04%] | Read: 1.3457s | Write: 0.3148s | Batch Time: 1.660505s | Total Time: 730.05s | ETA: 80.77s | Throughput: 154.17 MB/s
[90.23%] | Read: 1.3668s | Write: 0.3301s | Batch Time: 1.696896s | Total Time: 731.75s | ETA: 79.19s | Throughput: 150.86 MB/s
[90.43%] | Read: 1.3407s | Write: 0.3156s | Batch Time: 1.656312s | Total Time: 733.41s | ETA: 77.62s | Throughput: 154.56 MB/s
[90.62%] | Read: 1.3492s | Write: 0.3146s | Batch Time: 1.663784s | Total Time: 735.07s | ETA: 76.04s | Throughput: 153.87 MB/s
[90.82%] | Read: 1.3577s | Write: 0.3152s | Batch Time: 1.672926s | Total Time: 736.74s | ETA: 74.47s | Throughput: 153.03 MB/s
[91.02%] | Read: 1.3653s | Write: 0.3177s | Batch Time: 1.682946s | Total Time: 738.43s | ETA: 72.89s | Throughput: 152.11 MB/s
[91.21%] | Read: 1.3463s | Write: 0.3127s | Batch Time: 1.659010s | Total Time: 740.09s | ETA: 71.31s | Throughput: 154.31 MB/s
[91.41%] | Read: 1.3756s | Write: 0.3158s | Batch Time: 1.691448s | Total Time: 741.78s | ETA: 69.74s | Throughput: 151.35 MB/s
[91.60%] | Read: 1.3866s | Write: 0.3145s | Batch Time: 1.701063s | Total Time: 743.48s | ETA: 68.17s | Throughput: 150.49 MB/s
[91.80%] | Read: 1.3524s | Write: 0.3187s | Batch Time: 1.671115s | Total Time: 745.15s | ETA: 66.59s | Throughput: 153.19 MB/s
[91.99%] | Read: 1.3793s | Write: 0.3097s | Batch Time: 1.689024s | Total Time: 746.84s | ETA: 65.01s | Throughput: 151.57 MB/s
[92.19%] | Read: 1.3626s | Write: 0.2974s | Batch Time: 1.660060s | Total Time: 748.50s | ETA: 63.43s | Throughput: 154.21 MB/s
[92.38%] | Read: 1.3797s | Write: 0.2969s | Batch Time: 1.676644s | Total Time: 750.18s | ETA: 61.85s | Throughput: 152.69 MB/s
[92.58%] | Read: 1.3617s | Write: 0.3025s | Batch Time: 1.664159s | Total Time: 751.84s | ETA: 60.27s | Throughput: 153.83 MB/s
[92.77%] | Read: 1.3778s | Write: 0.3117s | Batch Time: 1.689430s | Total Time: 753.53s | ETA: 58.70s | Throughput: 151.53 MB/s
[92.97%] | Read: 1.3691s | Write: 0.3158s | Batch Time: 1.684961s | Total Time: 755.21s | ETA: 57.12s | Throughput: 151.93 MB/s
[93.16%] | Read: 1.3807s | Write: 0.3167s | Batch Time: 1.697431s | Total Time: 756.91s | ETA: 55.54s | Throughput: 150.82 MB/s
[93.36%] | Read: 1.4061s | Write: 0.3186s | Batch Time: 1.724648s | Total Time: 758.64s | ETA: 53.96s | Throughput: 148.44 MB/s
[93.55%] | Read: 1.3986s | Write: 0.3156s | Batch Time: 1.714247s | Total Time: 760.35s | ETA: 52.38s | Throughput: 149.34 MB/s
[93.75%] | Read: 1.3645s | Write: 0.3136s | Batch Time: 1.678069s | Total Time: 762.03s | ETA: 50.80s | Throughput: 152.56 MB/s
[93.95%] | Read: 1.3763s | Write: 0.3177s | Batch Time: 1.694000s | Total Time: 763.72s | ETA: 49.22s | Throughput: 151.12 MB/s
[94.14%] | Read: 1.3624s | Write: 0.3174s | Batch Time: 1.679807s | Total Time: 765.40s | ETA: 47.64s | Throughput: 152.40 MB/s
[94.34%] | Read: 1.3799s | Write: 0.3123s | Batch Time: 1.692159s | Total Time: 767.10s | ETA: 46.06s | Throughput: 151.29 MB/s
[94.53%] | Read: 1.3599s | Write: 0.3159s | Batch Time: 1.675810s | Total Time: 768.77s | ETA: 44.47s | Throughput: 152.76 MB/s
[94.73%] | Read: 1.3728s | Write: 0.3151s | Batch Time: 1.687921s | Total Time: 770.46s | ETA: 42.89s | Throughput: 151.67 MB/s
[94.92%] | Read: 1.3571s | Write: 0.3106s | Batch Time: 1.667699s | Total Time: 772.13s | ETA: 41.31s | Throughput: 153.50 MB/s
[95.12%] | Read: 1.3790s | Write: 0.3150s | Batch Time: 1.694002s | Total Time: 773.82s | ETA: 39.72s | Throughput: 151.12 MB/s
[95.31%] | Read: 1.3539s | Write: 0.3126s | Batch Time: 1.666527s | Total Time: 775.49s | ETA: 38.14s | Throughput: 153.61 MB/s
[95.51%] | Read: 1.3791s | Write: 0.3171s | Batch Time: 1.696186s | Total Time: 777.18s | ETA: 36.55s | Throughput: 150.93 MB/s
[95.70%] | Read: 1.3551s | Write: 0.3002s | Batch Time: 1.655332s | Total Time: 778.84s | ETA: 34.97s | Throughput: 154.65 MB/s
[95.90%] | Read: 1.3804s | Write: 0.2971s | Batch Time: 1.677521s | Total Time: 780.52s | ETA: 33.38s | Throughput: 152.61 MB/s
[96.09%] | Read: 1.3503s | Write: 0.3014s | Batch Time: 1.651716s | Total Time: 782.17s | ETA: 31.80s | Throughput: 154.99 MB/s
[96.29%] | Read: 1.3871s | Write: 0.2981s | Batch Time: 1.685132s | Total Time: 783.85s | ETA: 30.21s | Throughput: 151.92 MB/s
[96.48%] | Read: 1.3574s | Write: 0.3106s | Batch Time: 1.668015s | Total Time: 785.52s | ETA: 28.62s | Throughput: 153.48 MB/s
[96.68%] | Read: 1.3865s | Write: 0.3101s | Batch Time: 1.696568s | Total Time: 787.22s | ETA: 27.04s | Throughput: 150.89 MB/s
[96.88%] | Read: 1.3620s | Write: 0.3114s | Batch Time: 1.673407s | Total Time: 788.89s | ETA: 25.45s | Throughput: 152.98 MB/s
[97.07%] | Read: 1.3782s | Write: 0.3138s | Batch Time: 1.691994s | Total Time: 790.58s | ETA: 23.86s | Throughput: 151.30 MB/s
[97.27%] | Read: 1.3747s | Write: 0.3078s | Batch Time: 1.682450s | Total Time: 792.27s | ETA: 22.27s | Throughput: 152.16 MB/s
[97.46%] | Read: 1.3811s | Write: 0.3120s | Batch Time: 1.693052s | Total Time: 793.96s | ETA: 20.68s | Throughput: 151.21 MB/s
[97.66%] | Read: 1.3685s | Write: 0.3176s | Batch Time: 1.686138s | Total Time: 795.65s | ETA: 19.10s | Throughput: 151.83 MB/s
[97.85%] | Read: 1.3883s | Write: 0.3070s | Batch Time: 1.695257s | Total Time: 797.34s | ETA: 17.51s | Throughput: 151.01 MB/s
[98.05%] | Read: 1.3652s | Write: 0.3093s | Batch Time: 1.674531s | Total Time: 799.01s | ETA: 15.92s | Throughput: 152.88 MB/s
[98.24%] | Read: 1.3930s | Write: 0.3072s | Batch Time: 1.700273s | Total Time: 800.72s | ETA: 14.33s | Throughput: 150.56 MB/s
[98.44%] | Read: 1.3315s | Write: 0.3113s | Batch Time: 1.642800s | Total Time: 802.36s | ETA: 12.74s | Throughput: 155.83 MB/s
[98.63%] | Read: 1.3489s | Write: 0.3104s | Batch Time: 1.659344s | Total Time: 804.02s | ETA: 11.14s | Throughput: 154.28 MB/s
[98.83%] | Read: 1.3319s | Write: 0.3136s | Batch Time: 1.645480s | Total Time: 805.66s | ETA: 9.55s | Throughput: 155.58 MB/s
[99.02%] | Read: 1.3383s | Write: 0.3156s | Batch Time: 1.653859s | Total Time: 807.32s | ETA: 7.96s | Throughput: 154.79 MB/s
[99.22%] | Read: 1.3357s | Write: 0.3133s | Batch Time: 1.648921s | Total Time: 808.97s | ETA: 6.37s | Throughput: 155.25 MB/s
[99.41%] | Read: 1.3518s | Write: 0.2974s | Batch Time: 1.649231s | Total Time: 810.61s | ETA: 4.78s | Throughput: 155.22 MB/s
[99.61%] | Read: 1.3370s | Write: 0.2981s | Batch Time: 1.635163s | Total Time: 812.25s | ETA: 3.19s | Throughput: 156.56 MB/s
[99.80%] | Read: 1.3615s | Write: 0.3010s | Batch Time: 1.662476s | Total Time: 813.91s | ETA: 1.59s | Throughput: 153.99 MB/s
[100.00%] | Read: 1.3260s | Write: 0.3126s | Batch Time: 1.638585s | Total Time: 815.55s | ETA: 0.00s | Throughput: 156.23 MB/s


[844.98s] Completed merging 4 K32-files of total size 128.00GB
Merge Approach: Pipelined
Source: /data-l/iraicu/tmp/
Destination: /data-r/iraicu/vaults/
Read Time: 648.01s
Write Time: 29.43s
Merge Time: 844.98s



real	14m6.056s
user	0m0.004s
sys	0m0.015s
Finished merge for k=34

==================================================
Starting merge for k=35 (n=8, B=512, drive=data-r)
==================================================
Clearing cache...
3
Executing command...
stdbuf -o0 -e0 bash -c 'time sudo ./vaultx -P merge -k 32 -n 8 -F /data-l/iraicu/tmp/ -T /data-r/iraicu/vaults/ -t 1 -R 1024  -A pipelined -B 512' 2>&1 | tee ./logs/log_k32_n8_t1_m512_merge_hdd_hdd.txt
Selected Approach           : for
Number of Threads           : 1
Number of Threads I/O       : 1
Exponent k                  : 32
Threads (Hash/Sort)         : 1
Threads (I/O)               : 1
Table1 Size (GB)            : 0.0
Table2 Size (GB)            : 0.0
Max Memory Size (GB)        : 2.0
Expected Memory Size (GB)   : 1.6
Number of Hashes (Disk)     : 4294967296
File Size (GB)              : 0.0
Temporary Data Size (GB)    : 0
Size of MemoRecord          : 4
Rounds                      : 1
Number of Buckets           : 1
Number of Records in Bucket : 1
BATCH_SIZE                  : 1024
WRITE_BATCH_SIZE            : 1024
READ_BATCH_SIZE             : 1024
HASHGEN                     : false
MEMORY_WRITE                : true
CIRCULAR_ARRAY              : false
FULL_BUCKETS                : false
Peak Memory Usage: 1.93 MB
Memory Size per Batch: 512MB
Buckets processed from each file per batch: 32768
Bucket size: 2048 bytes
Data read from each file per batch: 64.00MB

Total Batches: 512
Merge Approach [0]: Pipelined
Source: /data-l/iraicu/tmp/
Destination: /data-r/iraicu/vaults/
Threads: 1
Files: 8, K32
Memory Limit: 483544MB


posix_fallocate (274877907232 bytes) took 1.724 seconds


[0.20%] | Read: 2.9268s | Write: 0.4471s | Batch Time: 3.373844s | Total Time: 3.37s | ETA: 1724.03s | Throughput: 151.76 MB/s
[0.39%] | Read: 2.6554s | Write: 0.4444s | Batch Time: 3.099831s | Total Time: 6.47s | ETA: 1650.79s | Throughput: 165.17 MB/s
[0.59%] | Read: 2.5804s | Write: 0.4816s | Batch Time: 3.061961s | Total Time: 9.54s | ETA: 1617.88s | Throughput: 167.21 MB/s
[0.78%] | Read: 2.6372s | Write: 0.4659s | Batch Time: 3.103053s | Total Time: 12.64s | ETA: 1605.12s | Throughput: 165.00 MB/s
[0.98%] | Read: 2.5924s | Write: 0.4392s | Batch Time: 3.031593s | Total Time: 15.67s | ETA: 1588.97s | Throughput: 168.89 MB/s
[1.17%] | Read: 2.6509s | Write: 0.4371s | Batch Time: 3.087946s | Total Time: 18.76s | ETA: 1581.95s | Throughput: 165.81 MB/s
[1.37%] | Read: 2.5964s | Write: 0.4722s | Batch Time: 3.068598s | Total Time: 21.83s | ETA: 1574.65s | Throughput: 166.85 MB/s
[1.56%] | Read: 2.6330s | Write: 0.4630s | Batch Time: 3.095985s | Total Time: 24.92s | ETA: 1570.14s | Throughput: 165.38 MB/s
[1.76%] | Read: 2.6042s | Write: 0.4729s | Batch Time: 3.077088s | Total Time: 28.00s | ETA: 1564.89s | Throughput: 166.39 MB/s
[1.95%] | Read: 2.6276s | Write: 0.4535s | Batch Time: 3.081041s | Total Time: 31.08s | ETA: 1560.27s | Throughput: 166.18 MB/s
[2.15%] | Read: 2.5857s | Write: 0.4447s | Batch Time: 3.030403s | Total Time: 34.11s | ETA: 1553.62s | Throughput: 168.95 MB/s
[2.34%] | Read: 2.6157s | Write: 0.4596s | Batch Time: 3.075298s | Total Time: 37.19s | ETA: 1549.45s | Throughput: 166.49 MB/s
[2.54%] | Read: 2.5868s | Write: 0.4621s | Batch Time: 3.048867s | Total Time: 40.24s | ETA: 1544.43s | Throughput: 167.93 MB/s
[2.73%] | Read: 2.5992s | Write: 0.4660s | Batch Time: 3.065246s | Total Time: 43.30s | ETA: 1540.27s | Throughput: 167.03 MB/s
[2.93%] | Read: 2.5941s | Write: 0.4714s | Batch Time: 3.065502s | Total Time: 46.37s | ETA: 1536.27s | Throughput: 167.02 MB/s
[3.12%] | Read: 2.6129s | Write: 0.4723s | Batch Time: 3.085166s | Total Time: 49.45s | ETA: 1533.00s | Throughput: 165.96 MB/s
[3.32%] | Read: 2.6104s | Write: 0.4390s | Batch Time: 3.049376s | Total Time: 52.50s | ETA: 1528.70s | Throughput: 167.90 MB/s
[3.52%] | Read: 2.6580s | Write: 0.4757s | Batch Time: 3.133664s | Total Time: 55.63s | ETA: 1526.86s | Throughput: 163.39 MB/s
[3.71%] | Read: 2.6259s | Write: 0.4762s | Batch Time: 3.102148s | Total Time: 58.74s | ETA: 1524.07s | Throughput: 165.05 MB/s
[3.91%] | Read: 2.6103s | Write: 0.4762s | Batch Time: 3.086458s | Total Time: 61.82s | ETA: 1520.85s | Throughput: 165.89 MB/s
[4.10%] | Read: 2.6322s | Write: 0.4768s | Batch Time: 3.109081s | Total Time: 64.93s | ETA: 1518.18s | Throughput: 164.68 MB/s
[4.30%] | Read: 2.6069s | Write: 0.4919s | Batch Time: 3.098800s | Total Time: 68.03s | ETA: 1515.24s | Throughput: 165.23 MB/s
[4.49%] | Read: 2.6330s | Write: 0.4646s | Batch Time: 3.097550s | Total Time: 71.13s | ETA: 1512.26s | Throughput: 165.29 MB/s
[4.69%] | Read: 2.6189s | Write: 0.4386s | Batch Time: 3.057442s | Total Time: 74.19s | ETA: 1508.45s | Throughput: 167.46 MB/s
[4.88%] | Read: 2.6321s | Write: 0.4743s | Batch Time: 3.106376s | Total Time: 77.29s | ETA: 1505.66s | Throughput: 164.82 MB/s
[5.08%] | Read: 2.6035s | Write: 0.4742s | Batch Time: 3.077695s | Total Time: 80.37s | ETA: 1502.31s | Throughput: 166.36 MB/s
[5.27%] | Read: 2.6261s | Write: 0.4688s | Batch Time: 3.094869s | Total Time: 83.47s | ETA: 1499.28s | Throughput: 165.44 MB/s
[5.47%] | Read: 2.6241s | Write: 0.4649s | Batch Time: 3.088965s | Total Time: 86.55s | ETA: 1496.15s | Throughput: 165.75 MB/s
[5.66%] | Read: 2.6515s | Write: 0.4613s | Batch Time: 3.112811s | Total Time: 89.67s | ETA: 1493.42s | Throughput: 164.48 MB/s
[5.86%] | Read: 2.6366s | Write: 0.4606s | Batch Time: 3.097162s | Total Time: 92.76s | ETA: 1490.41s | Throughput: 165.31 MB/s
[6.05%] | Read: 2.6326s | Write: 0.4392s | Batch Time: 3.071723s | Total Time: 95.84s | ETA: 1487.00s | Throughput: 166.68 MB/s
[6.25%] | Read: 2.6198s | Write: 0.4404s | Batch Time: 3.060245s | Total Time: 98.90s | ETA: 1483.44s | Throughput: 167.31 MB/s
[6.45%] | Read: 2.6351s | Write: 0.4589s | Batch Time: 3.093971s | Total Time: 101.99s | ETA: 1480.40s | Throughput: 165.48 MB/s
[6.64%] | Read: 2.6008s | Write: 0.4615s | Batch Time: 3.062335s | Total Time: 105.05s | ETA: 1476.91s | Throughput: 167.19 MB/s
[6.84%] | Read: 2.6404s | Write: 0.4751s | Batch Time: 3.115554s | Total Time: 108.17s | ETA: 1474.18s | Throughput: 164.34 MB/s
[7.03%] | Read: 2.6090s | Write: 0.4710s | Batch Time: 3.079973s | Total Time: 111.25s | ETA: 1470.95s | Throughput: 166.24 MB/s
[7.23%] | Read: 2.6385s | Write: 0.4760s | Batch Time: 3.114490s | Total Time: 114.36s | ETA: 1468.17s | Throughput: 164.39 MB/s
[7.42%] | Read: 2.5998s | Write: 0.4722s | Batch Time: 3.071963s | Total Time: 117.43s | ETA: 1464.84s | Throughput: 166.67 MB/s
[7.62%] | Read: 2.6290s | Write: 0.4776s | Batch Time: 3.106513s | Total Time: 120.54s | ETA: 1461.95s | Throughput: 164.81 MB/s
[7.81%] | Read: 2.5985s | Write: 0.4387s | Batch Time: 3.037169s | Total Time: 123.58s | ETA: 1458.22s | Throughput: 168.58 MB/s
[8.01%] | Read: 2.6374s | Write: 0.4736s | Batch Time: 3.110962s | Total Time: 126.69s | ETA: 1455.38s | Throughput: 164.58 MB/s
[8.20%] | Read: 2.6364s | Write: 0.5154s | Batch Time: 3.151774s | Total Time: 129.84s | ETA: 1452.98s | Throughput: 162.45 MB/s
[8.40%] | Read: 2.6347s | Write: 0.4776s | Batch Time: 3.112319s | Total Time: 132.95s | ETA: 1450.12s | Throughput: 164.51 MB/s
[8.59%] | Read: 2.6416s | Write: 0.4928s | Batch Time: 3.134352s | Total Time: 136.09s | ETA: 1447.48s | Throughput: 163.35 MB/s
[8.79%] | Read: 2.6749s | Write: 0.4960s | Batch Time: 3.170940s | Total Time: 139.26s | ETA: 1445.19s | Throughput: 161.47 MB/s
[8.98%] | Read: 2.6289s | Write: 0.4729s | Batch Time: 3.101783s | Total Time: 142.36s | ETA: 1442.17s | Throughput: 165.07 MB/s
[9.18%] | Read: 2.6373s | Write: 0.4719s | Batch Time: 3.109188s | Total Time: 145.47s | ETA: 1439.22s | Throughput: 164.67 MB/s
[9.38%] | Read: 2.6455s | Write: 0.4386s | Batch Time: 3.084100s | Total Time: 148.55s | ETA: 1436.02s | Throughput: 166.01 MB/s
[9.57%] | Read: 2.6541s | Write: 0.4382s | Batch Time: 3.092260s | Total Time: 151.65s | ETA: 1432.90s | Throughput: 165.57 MB/s
[9.77%] | Read: 2.6630s | Write: 0.5147s | Batch Time: 3.177656s | Total Time: 154.82s | ETA: 1430.57s | Throughput: 161.13 MB/s
[9.96%] | Read: 2.6873s | Write: 0.5135s | Batch Time: 3.200740s | Total Time: 158.02s | ETA: 1428.42s | Throughput: 159.96 MB/s
[10.16%] | Read: 2.6706s | Write: 0.5158s | Batch Time: 3.186432s | Total Time: 161.21s | ETA: 1426.10s | Throughput: 160.68 MB/s
[10.35%] | Read: 2.6687s | Write: 0.5166s | Batch Time: 3.185209s | Total Time: 164.40s | ETA: 1423.73s | Throughput: 160.74 MB/s
[10.55%] | Read: 2.6595s | Write: 0.5239s | Batch Time: 3.183447s | Total Time: 167.58s | ETA: 1421.32s | Throughput: 160.83 MB/s
[10.74%] | Read: 2.6265s | Write: 0.4825s | Batch Time: 3.109011s | Total Time: 170.69s | ETA: 1418.27s | Throughput: 164.68 MB/s
[10.94%] | Read: 2.6246s | Write: 0.4735s | Batch Time: 3.098018s | Total Time: 173.79s | ETA: 1415.12s | Throughput: 165.27 MB/s
[11.13%] | Read: 2.6721s | Write: 0.5140s | Batch Time: 3.186096s | Total Time: 176.97s | ETA: 1412.68s | Throughput: 160.70 MB/s
[11.33%] | Read: 2.6368s | Write: 0.4437s | Batch Time: 3.080559s | Total Time: 180.05s | ETA: 1409.38s | Throughput: 166.20 MB/s
[11.52%] | Read: 2.6737s | Write: 0.4775s | Batch Time: 3.151203s | Total Time: 183.20s | ETA: 1406.64s | Throughput: 162.48 MB/s
[11.72%] | Read: 2.6444s | Write: 0.4738s | Batch Time: 3.118129s | Total Time: 186.32s | ETA: 1403.63s | Throughput: 164.20 MB/s
[11.91%] | Read: 2.6508s | Write: 0.5097s | Batch Time: 3.160513s | Total Time: 189.48s | ETA: 1400.93s | Throughput: 162.00 MB/s
[12.11%] | Read: 2.6332s | Write: 0.5040s | Batch Time: 3.137200s | Total Time: 192.62s | ETA: 1398.05s | Throughput: 163.20 MB/s
[12.30%] | Read: 2.6477s | Write: 0.5049s | Batch Time: 3.152601s | Total Time: 195.77s | ETA: 1395.27s | Throughput: 162.41 MB/s
[12.50%] | Read: 2.6223s | Write: 0.5322s | Batch Time: 3.154508s | Total Time: 198.93s | ETA: 1392.49s | Throughput: 162.31 MB/s
[12.70%] | Read: 2.6432s | Write: 0.5311s | Batch Time: 3.174315s | Total Time: 202.10s | ETA: 1389.84s | Throughput: 161.29 MB/s
[12.89%] | Read: 2.6371s | Write: 0.5398s | Batch Time: 3.176851s | Total Time: 205.28s | ETA: 1387.19s | Throughput: 161.17 MB/s
[13.09%] | Read: 2.6265s | Write: 0.4728s | Batch Time: 3.099308s | Total Time: 208.38s | ETA: 1384.00s | Throughput: 165.20 MB/s
[13.28%] | Read: 2.6453s | Write: 0.5139s | Batch Time: 3.159262s | Total Time: 211.54s | ETA: 1381.21s | Throughput: 162.06 MB/s
[13.48%] | Read: 2.6808s | Write: 0.5368s | Batch Time: 3.217554s | Total Time: 214.75s | ETA: 1378.79s | Throughput: 159.13 MB/s
[13.67%] | Read: 2.6638s | Write: 0.5353s | Batch Time: 3.199134s | Total Time: 217.95s | ETA: 1376.22s | Throughput: 160.04 MB/s
[13.87%] | Read: 2.6792s | Write: 0.4965s | Batch Time: 3.175738s | Total Time: 221.13s | ETA: 1373.50s | Throughput: 161.22 MB/s
[14.06%] | Read: 2.6889s | Write: 0.5011s | Batch Time: 3.189975s | Total Time: 224.32s | ETA: 1370.84s | Throughput: 160.50 MB/s
[14.26%] | Read: 2.7335s | Write: 0.5003s | Batch Time: 3.233803s | Total Time: 227.55s | ETA: 1368.44s | Throughput: 158.33 MB/s
[14.45%] | Read: 2.6850s | Write: 0.5031s | Batch Time: 3.188069s | Total Time: 230.74s | ETA: 1365.74s | Throughput: 160.60 MB/s
[14.65%] | Read: 2.6969s | Write: 0.4896s | Batch Time: 3.186477s | Total Time: 233.93s | ETA: 1363.02s | Throughput: 160.68 MB/s
[14.84%] | Read: 2.6954s | Write: 0.4666s | Batch Time: 3.161985s | Total Time: 237.09s | ETA: 1360.15s | Throughput: 161.92 MB/s
[15.04%] | Read: 2.6928s | Write: 0.4656s | Batch Time: 3.158423s | Total Time: 240.25s | ETA: 1357.25s | Throughput: 162.11 MB/s
[15.23%] | Read: 2.7021s | Write: 0.5019s | Batch Time: 3.203966s | Total Time: 243.45s | ETA: 1354.59s | Throughput: 159.80 MB/s
[15.43%] | Read: 2.6985s | Write: 0.5003s | Batch Time: 3.198814s | Total Time: 246.65s | ETA: 1351.90s | Throughput: 160.06 MB/s
[15.62%] | Read: 2.6760s | Write: 0.5029s | Batch Time: 3.178865s | Total Time: 249.83s | ETA: 1349.08s | Throughput: 161.06 MB/s
[15.82%] | Read: 2.6568s | Write: 0.5113s | Batch Time: 3.168131s | Total Time: 253.00s | ETA: 1346.20s | Throughput: 161.61 MB/s
[16.02%] | Read: 2.6644s | Write: 0.4975s | Batch Time: 3.161967s | Total Time: 256.16s | ETA: 1343.28s | Throughput: 161.92 MB/s
[16.21%] | Read: 2.6797s | Write: 0.5425s | Batch Time: 3.222221s | Total Time: 259.38s | ETA: 1340.66s | Throughput: 158.90 MB/s
[16.41%] | Read: 2.6910s | Write: 0.5551s | Batch Time: 3.246174s | Total Time: 262.63s | ETA: 1338.16s | Throughput: 157.72 MB/s
[16.60%] | Read: 2.6881s | Write: 0.5314s | Batch Time: 3.219462s | Total Time: 265.85s | ETA: 1335.50s | Throughput: 159.03 MB/s
[16.80%] | Read: 2.6605s | Write: 0.4656s | Batch Time: 3.126150s | Total Time: 268.97s | ETA: 1332.36s | Throughput: 163.78 MB/s
[16.99%] | Read: 2.6876s | Write: 0.5040s | Batch Time: 3.191627s | Total Time: 272.17s | ETA: 1329.55s | Throughput: 160.42 MB/s
[17.19%] | Read: 2.6616s | Write: 0.4902s | Batch Time: 3.151741s | Total Time: 275.32s | ETA: 1326.53s | Throughput: 162.45 MB/s
[17.38%] | Read: 2.7022s | Write: 0.5024s | Batch Time: 3.204550s | Total Time: 278.52s | ETA: 1323.76s | Throughput: 159.77 MB/s
[17.58%] | Read: 2.6859s | Write: 0.5086s | Batch Time: 3.194496s | Total Time: 281.72s | ETA: 1320.94s | Throughput: 160.28 MB/s
[17.77%] | Read: 2.6770s | Write: 0.5045s | Batch Time: 3.181491s | Total Time: 284.90s | ETA: 1318.05s | Throughput: 160.93 MB/s
[17.97%] | Read: 2.6618s | Write: 0.5027s | Batch Time: 3.164477s | Total Time: 288.06s | ETA: 1315.07s | Throughput: 161.80 MB/s
[18.16%] | Read: 2.6828s | Write: 0.5030s | Batch Time: 3.185801s | Total Time: 291.25s | ETA: 1312.18s | Throughput: 160.71 MB/s
[18.36%] | Read: 2.6721s | Write: 0.5068s | Batch Time: 3.178871s | Total Time: 294.43s | ETA: 1309.26s | Throughput: 161.06 MB/s
[18.55%] | Read: 2.6866s | Write: 0.5082s | Batch Time: 3.194775s | Total Time: 297.62s | ETA: 1306.41s | Throughput: 160.26 MB/s
[18.75%] | Read: 2.6683s | Write: 0.4721s | Batch Time: 3.140413s | Total Time: 300.76s | ETA: 1303.31s | Throughput: 163.04 MB/s
[18.95%] | Read: 2.7039s | Write: 0.4992s | Batch Time: 3.203153s | Total Time: 303.97s | ETA: 1300.47s | Throughput: 159.84 MB/s
[19.14%] | Read: 2.6866s | Write: 0.5025s | Batch Time: 3.189113s | Total Time: 307.15s | ETA: 1297.57s | Throughput: 160.55 MB/s
[19.34%] | Read: 2.7210s | Write: 0.5079s | Batch Time: 3.228935s | Total Time: 310.38s | ETA: 1294.83s | Throughput: 158.57 MB/s
[19.53%] | Read: 2.6776s | Write: 0.5033s | Batch Time: 3.180955s | Total Time: 313.56s | ETA: 1291.89s | Throughput: 160.96 MB/s
[19.73%] | Read: 2.7135s | Write: 0.5027s | Batch Time: 3.216276s | Total Time: 316.78s | ETA: 1289.08s | Throughput: 159.19 MB/s
[19.92%] | Read: 2.6979s | Write: 0.5027s | Batch Time: 3.200636s | Total Time: 319.98s | ETA: 1286.20s | Throughput: 159.97 MB/s
[20.12%] | Read: 2.7242s | Write: 0.5062s | Batch Time: 3.230370s | Total Time: 323.21s | ETA: 1283.43s | Throughput: 158.50 MB/s
[20.31%] | Read: 2.6944s | Write: 0.5021s | Batch Time: 3.196515s | Total Time: 326.41s | ETA: 1280.53s | Throughput: 160.17 MB/s
[20.51%] | Read: 2.7250s | Write: 0.4665s | Batch Time: 3.191576s | Total Time: 329.60s | ETA: 1277.59s | Throughput: 160.42 MB/s
[20.70%] | Read: 2.7015s | Write: 0.4683s | Batch Time: 3.169829s | Total Time: 332.77s | ETA: 1274.57s | Throughput: 161.52 MB/s
[20.90%] | Read: 2.7316s | Write: 0.5108s | Batch Time: 3.242430s | Total Time: 336.01s | ETA: 1271.82s | Throughput: 157.91 MB/s
[21.09%] | Read: 2.6898s | Write: 0.5133s | Batch Time: 3.203029s | Total Time: 339.22s | ETA: 1268.92s | Throughput: 159.85 MB/s
[21.29%] | Read: 2.7040s | Write: 0.5071s | Batch Time: 3.211112s | Total Time: 342.43s | ETA: 1266.04s | Throughput: 159.45 MB/s
[21.48%] | Read: 2.7009s | Write: 0.5030s | Batch Time: 3.203895s | Total Time: 345.63s | ETA: 1263.12s | Throughput: 159.81 MB/s
[21.68%] | Read: 2.7154s | Write: 0.5048s | Batch Time: 3.220236s | Total Time: 348.85s | ETA: 1260.26s | Throughput: 158.99 MB/s
[21.88%] | Read: 2.6805s | Write: 0.5033s | Batch Time: 3.183734s | Total Time: 352.03s | ETA: 1257.27s | Throughput: 160.82 MB/s
[22.07%] | Read: 2.6811s | Write: 0.5092s | Batch Time: 3.190352s | Total Time: 355.23s | ETA: 1254.29s | Throughput: 160.48 MB/s
[22.27%] | Read: 2.6841s | Write: 0.5050s | Batch Time: 3.189092s | Total Time: 358.41s | ETA: 1251.31s | Throughput: 160.55 MB/s
[22.46%] | Read: 2.7048s | Write: 0.4651s | Batch Time: 3.169885s | Total Time: 361.58s | ETA: 1248.25s | Throughput: 161.52 MB/s
[22.66%] | Read: 2.7089s | Write: 0.5129s | Batch Time: 3.221748s | Total Time: 364.81s | ETA: 1245.37s | Throughput: 158.92 MB/s
[22.85%] | Read: 2.6896s | Write: 0.4882s | Batch Time: 3.177865s | Total Time: 367.98s | ETA: 1242.34s | Throughput: 161.11 MB/s
[23.05%] | Read: 2.6876s | Write: 0.4894s | Batch Time: 3.177006s | Total Time: 371.16s | ETA: 1239.30s | Throughput: 161.16 MB/s
[23.24%] | Read: 2.7118s | Write: 0.5309s | Batch Time: 3.242731s | Total Time: 374.40s | ETA: 1236.48s | Throughput: 157.89 MB/s
[23.44%] | Read: 2.7079s | Write: 0.5176s | Batch Time: 3.225552s | Total Time: 377.63s | ETA: 1233.59s | Throughput: 158.73 MB/s
[23.63%] | Read: 2.6911s | Write: 0.5248s | Batch Time: 3.215863s | Total Time: 380.84s | ETA: 1230.66s | Throughput: 159.21 MB/s
[23.83%] | Read: 2.6945s | Write: 0.5325s | Batch Time: 3.227026s | Total Time: 384.07s | ETA: 1227.77s | Throughput: 158.66 MB/s
[24.02%] | Read: 2.6984s | Write: 0.5418s | Batch Time: 3.240216s | Total Time: 387.31s | ETA: 1224.91s | Throughput: 158.01 MB/s
[24.22%] | Read: 2.6948s | Write: 0.4832s | Batch Time: 3.178059s | Total Time: 390.49s | ETA: 1221.86s | Throughput: 161.10 MB/s
[24.41%] | Read: 2.6847s | Write: 0.5071s | Batch Time: 3.191758s | Total Time: 393.68s | ETA: 1218.84s | Throughput: 160.41 MB/s
[24.61%] | Read: 2.6932s | Write: 0.5182s | Batch Time: 3.211345s | Total Time: 396.89s | ETA: 1215.88s | Throughput: 159.43 MB/s
[24.80%] | Read: 2.7083s | Write: 0.5170s | Batch Time: 3.225288s | Total Time: 400.12s | ETA: 1212.96s | Throughput: 158.75 MB/s
[25.00%] | Read: 2.6921s | Write: 0.5048s | Batch Time: 3.196940s | Total Time: 403.32s | ETA: 1209.95s | Throughput: 160.15 MB/s
[25.20%] | Read: 2.6960s | Write: 0.5082s | Batch Time: 3.204192s | Total Time: 406.52s | ETA: 1206.95s | Throughput: 159.79 MB/s
[25.39%] | Read: 2.6924s | Write: 0.5225s | Batch Time: 3.214884s | Total Time: 409.73s | ETA: 1203.99s | Throughput: 159.26 MB/s
[25.59%] | Read: 2.6909s | Write: 0.5256s | Batch Time: 3.216429s | Total Time: 412.95s | ETA: 1201.03s | Throughput: 159.18 MB/s
[25.78%] | Read: 2.6804s | Write: 0.5292s | Batch Time: 3.209585s | Total Time: 416.16s | ETA: 1198.04s | Throughput: 159.52 MB/s
[25.98%] | Read: 2.6935s | Write: 0.4911s | Batch Time: 3.184611s | Total Time: 419.35s | ETA: 1194.98s | Throughput: 160.77 MB/s
[26.17%] | Read: 2.6414s | Write: 0.4885s | Batch Time: 3.129919s | Total Time: 422.48s | ETA: 1191.76s | Throughput: 163.58 MB/s
[26.37%] | Read: 2.6813s | Write: 0.5234s | Batch Time: 3.204688s | Total Time: 425.68s | ETA: 1188.75s | Throughput: 159.77 MB/s
[26.56%] | Read: 2.6490s | Write: 0.5240s | Batch Time: 3.172943s | Total Time: 428.85s | ETA: 1185.65s | Throughput: 161.36 MB/s
[26.76%] | Read: 2.6906s | Write: 0.5113s | Batch Time: 3.201865s | Total Time: 432.05s | ETA: 1182.63s | Throughput: 159.91 MB/s
[26.95%] | Read: 2.6529s | Write: 0.5079s | Batch Time: 3.160813s | Total Time: 435.22s | ETA: 1179.50s | Throughput: 161.98 MB/s
[27.15%] | Read: 2.6888s | Write: 0.5238s | Batch Time: 3.212587s | Total Time: 438.43s | ETA: 1176.50s | Throughput: 159.37 MB/s
[27.34%] | Read: 2.6566s | Write: 0.5096s | Batch Time: 3.166222s | Total Time: 441.59s | ETA: 1173.38s | Throughput: 161.71 MB/s
[27.54%] | Read: 2.6873s | Write: 0.5277s | Batch Time: 3.214994s | Total Time: 444.81s | ETA: 1170.39s | Throughput: 159.25 MB/s
[27.73%] | Read: 2.6874s | Write: 0.5287s | Batch Time: 3.216094s | Total Time: 448.03s | ETA: 1167.39s | Throughput: 159.20 MB/s
[27.93%] | Read: 2.7294s | Write: 0.4846s | Batch Time: 3.213987s | Total Time: 451.24s | ETA: 1164.39s | Throughput: 159.30 MB/s
[28.12%] | Read: 2.7181s | Write: 0.5195s | Batch Time: 3.237632s | Total Time: 454.48s | ETA: 1161.44s | Throughput: 158.14 MB/s
[28.32%] | Read: 2.7279s | Write: 0.5088s | Batch Time: 3.236614s | Total Time: 457.71s | ETA: 1158.49s | Throughput: 158.19 MB/s
[28.52%] | Read: 2.7221s | Write: 0.5117s | Batch Time: 3.233808s | Total Time: 460.95s | ETA: 1155.53s | Throughput: 158.33 MB/s
[28.71%] | Read: 2.7360s | Write: 0.5229s | Batch Time: 3.258906s | Total Time: 464.21s | ETA: 1152.62s | Throughput: 157.11 MB/s
[28.91%] | Read: 2.7152s | Write: 0.5192s | Batch Time: 3.234374s | Total Time: 467.44s | ETA: 1149.65s | Throughput: 158.30 MB/s
[29.10%] | Read: 2.7282s | Write: 0.5154s | Batch Time: 3.243604s | Total Time: 470.68s | ETA: 1146.70s | Throughput: 157.85 MB/s
[29.30%] | Read: 2.7120s | Write: 0.5116s | Batch Time: 3.223538s | Total Time: 473.91s | ETA: 1143.70s | Throughput: 158.83 MB/s
[29.49%] | Read: 2.6853s | Write: 0.5184s | Batch Time: 3.203685s | Total Time: 477.11s | ETA: 1140.64s | Throughput: 159.82 MB/s
[29.69%] | Read: 2.6965s | Write: 0.4959s | Batch Time: 3.192417s | Total Time: 480.30s | ETA: 1137.56s | Throughput: 160.38 MB/s
[29.88%] | Read: 2.6907s | Write: 0.5311s | Batch Time: 3.221797s | Total Time: 483.53s | ETA: 1134.55s | Throughput: 158.92 MB/s
[30.08%] | Read: 2.6940s | Write: 0.5512s | Batch Time: 3.245220s | Total Time: 486.77s | ETA: 1131.59s | Throughput: 157.77 MB/s
[30.27%] | Read: 2.7122s | Write: 0.5408s | Batch Time: 3.253008s | Total Time: 490.02s | ETA: 1128.64s | Throughput: 157.39 MB/s
[30.47%] | Read: 2.6976s | Write: 0.5399s | Batch Time: 3.237570s | Total Time: 493.26s | ETA: 1125.65s | Throughput: 158.14 MB/s
[30.66%] | Read: 2.6990s | Write: 0.5593s | Batch Time: 3.258252s | Total Time: 496.52s | ETA: 1122.70s | Throughput: 157.14 MB/s
[30.86%] | Read: 2.7045s | Write: 0.5614s | Batch Time: 3.265948s | Total Time: 499.79s | ETA: 1119.77s | Throughput: 156.77 MB/s
[31.05%] | Read: 2.6780s | Write: 0.5544s | Batch Time: 3.232462s | Total Time: 503.02s | ETA: 1116.76s | Throughput: 158.39 MB/s
[31.25%] | Read: 2.6826s | Write: 0.5569s | Batch Time: 3.239463s | Total Time: 506.26s | ETA: 1113.77s | Throughput: 158.05 MB/s
[31.45%] | Read: 2.7082s | Write: 0.4854s | Batch Time: 3.193686s | Total Time: 509.45s | ETA: 1110.67s | Throughput: 160.32 MB/s
[31.64%] | Read: 2.6959s | Write: 0.4853s | Batch Time: 3.181263s | Total Time: 512.63s | ETA: 1107.54s | Throughput: 160.94 MB/s
[31.84%] | Read: 2.7036s | Write: 0.5447s | Batch Time: 3.248310s | Total Time: 515.88s | ETA: 1104.56s | Throughput: 157.62 MB/s
[32.03%] | Read: 2.6945s | Write: 0.5526s | Batch Time: 3.247079s | Total Time: 519.13s | ETA: 1101.57s | Throughput: 157.68 MB/s
[32.23%] | Read: 2.6938s | Write: 0.5436s | Batch Time: 3.237360s | Total Time: 522.37s | ETA: 1098.55s | Throughput: 158.15 MB/s
[32.42%] | Read: 2.6709s | Write: 0.5548s | Batch Time: 3.225684s | Total Time: 525.59s | ETA: 1095.51s | Throughput: 158.73 MB/s
[32.62%] | Read: 2.6753s | Write: 0.5606s | Batch Time: 3.235952s | Total Time: 528.83s | ETA: 1092.49s | Throughput: 158.22 MB/s
[32.81%] | Read: 2.6683s | Write: 0.5379s | Batch Time: 3.206189s | Total Time: 532.03s | ETA: 1089.40s | Throughput: 159.69 MB/s
[33.01%] | Read: 2.6786s | Write: 0.5492s | Batch Time: 3.227776s | Total Time: 535.26s | ETA: 1086.36s | Throughput: 158.62 MB/s
[33.20%] | Read: 2.6561s | Write: 0.5499s | Batch Time: 3.205978s | Total Time: 538.47s | ETA: 1083.27s | Throughput: 159.70 MB/s
[33.40%] | Read: 2.6892s | Write: 0.4860s | Batch Time: 3.175144s | Total Time: 541.64s | ETA: 1080.12s | Throughput: 161.25 MB/s
[33.59%] | Read: 2.6533s | Write: 0.5205s | Batch Time: 3.173794s | Total Time: 544.82s | ETA: 1076.96s | Throughput: 161.32 MB/s
[33.79%] | Read: 2.6766s | Write: 0.5422s | Batch Time: 3.218773s | Total Time: 548.04s | ETA: 1073.90s | Throughput: 159.07 MB/s
[33.98%] | Read: 2.6381s | Write: 0.5566s | Batch Time: 3.194704s | Total Time: 551.23s | ETA: 1070.78s | Throughput: 160.27 MB/s
[34.18%] | Read: 2.6073s | Write: 0.5536s | Batch Time: 3.160929s | Total Time: 554.39s | ETA: 1067.60s | Throughput: 161.98 MB/s
[34.38%] | Read: 2.6022s | Write: 0.5729s | Batch Time: 3.175129s | Total Time: 557.57s | ETA: 1064.44s | Throughput: 161.25 MB/s
[34.57%] | Read: 2.6245s | Write: 0.5678s | Batch Time: 3.192327s | Total Time: 560.76s | ETA: 1061.32s | Throughput: 160.38 MB/s
[34.77%] | Read: 2.5957s | Write: 0.5517s | Batch Time: 3.147418s | Total Time: 563.91s | ETA: 1058.12s | Throughput: 162.67 MB/s
[34.96%] | Read: 2.6371s | Write: 0.5813s | Batch Time: 3.218352s | Total Time: 567.12s | ETA: 1055.04s | Throughput: 159.09 MB/s
[35.16%] | Read: 2.6298s | Write: 0.5369s | Batch Time: 3.166698s | Total Time: 570.29s | ETA: 1051.87s | Throughput: 161.68 MB/s
[35.35%] | Read: 2.6108s | Write: 0.5048s | Batch Time: 3.115646s | Total Time: 573.41s | ETA: 1048.61s | Throughput: 164.33 MB/s
[35.55%] | Read: 2.6249s | Write: 0.5707s | Batch Time: 3.195657s | Total Time: 576.60s | ETA: 1045.49s | Throughput: 160.22 MB/s
[35.74%] | Read: 2.6115s | Write: 0.5595s | Batch Time: 3.171004s | Total Time: 579.77s | ETA: 1042.32s | Throughput: 161.46 MB/s
[35.94%] | Read: 2.6201s | Write: 0.5636s | Batch Time: 3.183696s | Total Time: 582.96s | ETA: 1039.18s | Throughput: 160.82 MB/s
[36.13%] | Read: 2.6006s | Write: 0.5572s | Batch Time: 3.157825s | Total Time: 586.11s | ETA: 1036.00s | Throughput: 162.14 MB/s
[36.33%] | Read: 2.6481s | Write: 0.5672s | Batch Time: 3.215236s | Total Time: 589.33s | ETA: 1032.91s | Throughput: 159.24 MB/s
[36.52%] | Read: 2.6128s | Write: 0.5584s | Batch Time: 3.171250s | Total Time: 592.50s | ETA: 1029.75s | Throughput: 161.45 MB/s
[36.72%] | Read: 2.6311s | Write: 0.5608s | Batch Time: 3.191898s | Total Time: 595.69s | ETA: 1026.62s | Throughput: 160.41 MB/s
[36.91%] | Read: 2.6118s | Write: 0.5716s | Batch Time: 3.183404s | Total Time: 598.88s | ETA: 1023.48s | Throughput: 160.83 MB/s
[37.11%] | Read: 2.6605s | Write: 0.4976s | Batch Time: 3.158027s | Total Time: 602.03s | ETA: 1020.29s | Throughput: 162.13 MB/s
[37.30%] | Read: 2.6416s | Write: 0.5011s | Batch Time: 3.142701s | Total Time: 605.18s | ETA: 1017.08s | Throughput: 162.92 MB/s
[37.50%] | Read: 2.6520s | Write: 0.5441s | Batch Time: 3.196183s | Total Time: 608.37s | ETA: 1013.96s | Throughput: 160.19 MB/s
[37.70%] | Read: 2.6279s | Write: 0.5241s | Batch Time: 3.151994s | Total Time: 611.53s | ETA: 1010.76s | Throughput: 162.44 MB/s
[37.89%] | Read: 2.6321s | Write: 0.5270s | Batch Time: 3.159115s | Total Time: 614.68s | ETA: 1007.58s | Throughput: 162.07 MB/s
[38.09%] | Read: 2.6368s | Write: 0.5298s | Batch Time: 3.166595s | Total Time: 617.85s | ETA: 1004.40s | Throughput: 161.69 MB/s
[38.28%] | Read: 2.6758s | Write: 0.5554s | Batch Time: 3.231243s | Total Time: 621.08s | ETA: 1001.34s | Throughput: 158.45 MB/s
[38.48%] | Read: 2.6330s | Write: 0.5839s | Batch Time: 3.216938s | Total Time: 624.30s | ETA: 998.25s | Throughput: 159.16 MB/s
[38.67%] | Read: 2.6389s | Write: 0.5734s | Batch Time: 3.212344s | Total Time: 627.51s | ETA: 995.14s | Throughput: 159.39 MB/s
[38.87%] | Read: 2.6411s | Write: 0.5820s | Batch Time: 3.223148s | Total Time: 630.73s | ETA: 992.06s | Throughput: 158.85 MB/s
[39.06%] | Read: 2.6169s | Write: 0.5000s | Batch Time: 3.116820s | Total Time: 633.85s | ETA: 988.81s | Throughput: 164.27 MB/s
[39.26%] | Read: 2.6621s | Write: 0.5006s | Batch Time: 3.162657s | Total Time: 637.01s | ETA: 985.63s | Throughput: 161.89 MB/s
[39.45%] | Read: 2.6297s | Write: 0.5376s | Batch Time: 3.167329s | Total Time: 640.18s | ETA: 982.46s | Throughput: 161.65 MB/s
[39.65%] | Read: 2.6684s | Write: 0.5236s | Batch Time: 3.191985s | Total Time: 643.37s | ETA: 979.32s | Throughput: 160.40 MB/s
[39.84%] | Read: 2.6155s | Write: 0.5246s | Batch Time: 3.140102s | Total Time: 646.51s | ETA: 976.11s | Throughput: 163.05 MB/s
[40.04%] | Read: 2.6391s | Write: 0.5236s | Batch Time: 3.162664s | Total Time: 649.68s | ETA: 972.93s | Throughput: 161.89 MB/s
[40.23%] | Read: 2.6737s | Write: 0.5781s | Batch Time: 3.251838s | Total Time: 652.93s | ETA: 969.88s | Throughput: 157.45 MB/s
[40.43%] | Read: 2.6686s | Write: 0.5308s | Batch Time: 3.199386s | Total Time: 656.13s | ETA: 966.76s | Throughput: 160.03 MB/s
[40.62%] | Read: 2.6734s | Write: 0.5383s | Batch Time: 3.211742s | Total Time: 659.34s | ETA: 963.65s | Throughput: 159.42 MB/s
[40.82%] | Read: 2.7271s | Write: 0.5256s | Batch Time: 3.252670s | Total Time: 662.59s | ETA: 960.60s | Throughput: 157.41 MB/s
[41.02%] | Read: 2.6856s | Write: 0.4987s | Batch Time: 3.184287s | Total Time: 665.78s | ETA: 957.45s | Throughput: 160.79 MB/s
[41.21%] | Read: 2.6821s | Write: 0.5024s | Batch Time: 3.184500s | Total Time: 668.96s | ETA: 954.30s | Throughput: 160.78 MB/s
[41.41%] | Read: 2.6780s | Write: 0.5773s | Batch Time: 3.255271s | Total Time: 672.22s | ETA: 951.25s | Throughput: 157.28 MB/s
[41.60%] | Read: 2.6814s | Write: 0.5766s | Batch Time: 3.258024s | Total Time: 675.47s | ETA: 948.20s | Throughput: 157.15 MB/s
[41.80%] | Read: 2.6952s | Write: 0.5679s | Batch Time: 3.263177s | Total Time: 678.74s | ETA: 945.16s | Throughput: 156.90 MB/s
[41.99%] | Read: 2.7216s | Write: 0.5717s | Batch Time: 3.293326s | Total Time: 682.03s | ETA: 942.15s | Throughput: 155.47 MB/s
[42.19%] | Read: 2.6637s | Write: 0.5477s | Batch Time: 3.211437s | Total Time: 685.24s | ETA: 939.04s | Throughput: 159.43 MB/s
[42.38%] | Read: 2.6407s | Write: 0.5457s | Batch Time: 3.186388s | Total Time: 688.43s | ETA: 935.88s | Throughput: 160.68 MB/s
[42.58%] | Read: 2.6265s | Write: 0.5441s | Batch Time: 3.170573s | Total Time: 691.60s | ETA: 932.71s | Throughput: 161.49 MB/s
[42.77%] | Read: 2.6116s | Write: 0.5423s | Batch Time: 3.153926s | Total Time: 694.75s | ETA: 929.51s | Throughput: 162.34 MB/s
[42.97%] | Read: 2.5975s | Write: 0.4990s | Batch Time: 3.096519s | Total Time: 697.85s | ETA: 926.24s | Throughput: 165.35 MB/s
[43.16%] | Read: 2.6404s | Write: 0.4990s | Batch Time: 3.139385s | Total Time: 700.99s | ETA: 923.02s | Throughput: 163.09 MB/s
[43.36%] | Read: 2.6060s | Write: 0.5655s | Batch Time: 3.171591s | Total Time: 704.16s | ETA: 919.85s | Throughput: 161.43 MB/s
[43.55%] | Read: 2.6405s | Write: 0.5797s | Batch Time: 3.220240s | Total Time: 707.38s | ETA: 916.74s | Throughput: 158.99 MB/s
[43.75%] | Read: 2.5924s | Write: 0.5752s | Batch Time: 3.167618s | Total Time: 710.55s | ETA: 913.56s | Throughput: 161.64 MB/s
[43.95%] | Read: 2.6301s | Write: 0.5698s | Batch Time: 3.199941s | Total Time: 713.75s | ETA: 910.43s | Throughput: 160.00 MB/s
[44.14%] | Read: 2.5941s | Write: 0.5697s | Batch Time: 3.163793s | Total Time: 716.91s | ETA: 907.24s | Throughput: 161.83 MB/s
[44.34%] | Read: 2.6455s | Write: 0.5832s | Batch Time: 3.228719s | Total Time: 720.14s | ETA: 904.14s | Throughput: 158.58 MB/s
[44.53%] | Read: 2.6310s | Write: 0.5689s | Batch Time: 3.199855s | Total Time: 723.34s | ETA: 901.00s | Throughput: 160.01 MB/s
[44.73%] | Read: 2.6534s | Write: 0.5822s | Batch Time: 3.235592s | Total Time: 726.58s | ETA: 897.91s | Throughput: 158.24 MB/s
[44.92%] | Read: 2.6217s | Write: 0.6081s | Batch Time: 3.229766s | Total Time: 729.81s | ETA: 894.81s | Throughput: 158.53 MB/s
[45.12%] | Read: 2.6535s | Write: 0.5976s | Batch Time: 3.251098s | Total Time: 733.06s | ETA: 891.73s | Throughput: 157.49 MB/s
[45.31%] | Read: 2.6260s | Write: 0.6593s | Batch Time: 3.285271s | Total Time: 736.34s | ETA: 888.69s | Throughput: 155.85 MB/s
[45.51%] | Read: 2.6128s | Write: 0.6665s | Batch Time: 3.279272s | Total Time: 739.62s | ETA: 885.64s | Throughput: 156.13 MB/s
[45.70%] | Read: 2.6318s | Write: 0.6584s | Batch Time: 3.290221s | Total Time: 742.91s | ETA: 882.61s | Throughput: 155.61 MB/s
[45.90%] | Read: 2.6610s | Write: 0.6640s | Batch Time: 3.324977s | Total Time: 746.24s | ETA: 879.61s | Throughput: 153.99 MB/s
[46.09%] | Read: 2.6733s | Write: 0.6726s | Batch Time: 3.345838s | Total Time: 749.58s | ETA: 876.63s | Throughput: 153.03 MB/s
[46.29%] | Read: 2.6395s | Write: 0.6622s | Batch Time: 3.301703s | Total Time: 752.88s | ETA: 873.60s | Throughput: 155.07 MB/s
[46.48%] | Read: 2.6240s | Write: 0.6692s | Batch Time: 3.293211s | Total Time: 756.18s | ETA: 870.56s | Throughput: 155.47 MB/s
[46.68%] | Read: 2.6443s | Write: 0.6598s | Batch Time: 3.304103s | Total Time: 759.48s | ETA: 867.53s | Throughput: 154.96 MB/s
[46.88%] | Read: 2.6423s | Write: 0.5963s | Batch Time: 3.238530s | Total Time: 762.72s | ETA: 864.42s | Throughput: 158.10 MB/s
[47.07%] | Read: 2.6323s | Write: 0.6545s | Batch Time: 3.286824s | Total Time: 766.01s | ETA: 861.36s | Throughput: 155.77 MB/s
[47.27%] | Read: 2.6238s | Write: 0.6653s | Batch Time: 3.289140s | Total Time: 769.30s | ETA: 858.31s | Throughput: 155.66 MB/s
[47.46%] | Read: 2.6303s | Write: 0.6582s | Batch Time: 3.288476s | Total Time: 772.59s | ETA: 855.25s | Throughput: 155.70 MB/s
[47.66%] | Read: 2.6377s | Write: 0.6652s | Batch Time: 3.302854s | Total Time: 775.89s | ETA: 852.20s | Throughput: 155.02 MB/s
[47.85%] | Read: 2.6286s | Write: 0.6645s | Batch Time: 3.293074s | Total Time: 779.18s | ETA: 849.15s | Throughput: 155.48 MB/s
[48.05%] | Read: 2.6392s | Write: 0.6632s | Batch Time: 3.302418s | Total Time: 782.48s | ETA: 846.10s | Throughput: 155.04 MB/s
[48.24%] | Read: 2.6075s | Write: 0.6649s | Batch Time: 3.272382s | Total Time: 785.76s | ETA: 843.02s | Throughput: 156.46 MB/s
[48.44%] | Read: 2.6107s | Write: 0.6609s | Batch Time: 3.271608s | Total Time: 789.03s | ETA: 839.93s | Throughput: 156.50 MB/s
[48.63%] | Read: 2.6200s | Write: 0.5952s | Batch Time: 3.215128s | Total Time: 792.24s | ETA: 836.79s | Throughput: 159.25 MB/s
[48.83%] | Read: 2.6087s | Write: 0.6074s | Batch Time: 3.216117s | Total Time: 795.46s | ETA: 833.64s | Throughput: 159.20 MB/s
[49.02%] | Read: 2.6041s | Write: 0.6687s | Batch Time: 3.272782s | Total Time: 798.73s | ETA: 830.55s | Throughput: 156.44 MB/s
[49.22%] | Read: 2.6268s | Write: 0.6564s | Batch Time: 3.283147s | Total Time: 802.01s | ETA: 827.48s | Throughput: 155.95 MB/s
[49.41%] | Read: 2.6213s | Write: 0.6662s | Batch Time: 3.287477s | Total Time: 805.30s | ETA: 824.40s | Throughput: 155.74 MB/s
[49.61%] | Read: 2.5787s | Write: 0.6696s | Batch Time: 3.248308s | Total Time: 808.55s | ETA: 821.28s | Throughput: 157.62 MB/s
[49.80%] | Read: 2.6258s | Write: 0.6757s | Batch Time: 3.301455s | Total Time: 811.85s | ETA: 818.22s | Throughput: 155.08 MB/s
[50.00%] | Read: 2.6030s | Write: 0.6586s | Batch Time: 3.261638s | Total Time: 815.11s | ETA: 815.11s | Throughput: 156.98 MB/s
[50.20%] | Read: 2.6193s | Write: 0.6692s | Batch Time: 3.288468s | Total Time: 818.40s | ETA: 812.03s | Throughput: 155.70 MB/s
[50.39%] | Read: 2.6015s | Write: 0.6656s | Batch Time: 3.267089s | Total Time: 821.67s | ETA: 808.93s | Throughput: 156.71 MB/s
[50.59%] | Read: 2.6378s | Write: 0.6024s | Batch Time: 3.240175s | Total Time: 824.91s | ETA: 805.80s | Throughput: 158.02 MB/s
[50.78%] | Read: 2.5850s | Write: 0.6702s | Batch Time: 3.255193s | Total Time: 828.16s | ETA: 802.68s | Throughput: 157.29 MB/s
[50.98%] | Read: 2.6569s | Write: 0.6639s | Batch Time: 3.320764s | Total Time: 831.49s | ETA: 799.63s | Throughput: 154.18 MB/s
[51.17%] | Read: 2.6068s | Write: 0.6687s | Batch Time: 3.275505s | Total Time: 834.76s | ETA: 796.53s | Throughput: 156.31 MB/s
[51.37%] | Read: 2.6451s | Write: 0.6582s | Batch Time: 3.303316s | Total Time: 838.06s | ETA: 793.45s | Throughput: 155.00 MB/s
[51.56%] | Read: 2.6186s | Write: 0.6568s | Batch Time: 3.275358s | Total Time: 841.34s | ETA: 790.35s | Throughput: 156.32 MB/s
[51.76%] | Read: 2.6553s | Write: 0.6639s | Batch Time: 3.319134s | Total Time: 844.66s | ETA: 787.29s | Throughput: 154.26 MB/s
[51.95%] | Read: 2.5975s | Write: 0.6613s | Batch Time: 3.258878s | Total Time: 847.92s | ETA: 784.16s | Throughput: 157.11 MB/s
[52.15%] | Read: 2.6253s | Write: 0.6564s | Batch Time: 3.281698s | Total Time: 851.20s | ETA: 781.06s | Throughput: 156.02 MB/s
[52.34%] | Read: 2.6393s | Write: 0.6013s | Batch Time: 3.240634s | Total Time: 854.44s | ETA: 777.92s | Throughput: 157.99 MB/s
[52.54%] | Read: 2.6845s | Write: 0.6666s | Batch Time: 3.351070s | Total Time: 857.79s | ETA: 774.88s | Throughput: 152.79 MB/s
[52.73%] | Read: 2.6714s | Write: 0.6557s | Batch Time: 3.327128s | Total Time: 861.12s | ETA: 771.82s | Throughput: 153.89 MB/s
[52.93%] | Read: 2.6645s | Write: 0.6638s | Batch Time: 3.328331s | Total Time: 864.45s | ETA: 768.75s | Throughput: 153.83 MB/s
[53.12%] | Read: 2.6399s | Write: 0.6645s | Batch Time: 3.304440s | Total Time: 867.75s | ETA: 765.66s | Throughput: 154.94 MB/s
[53.32%] | Read: 2.6544s | Write: 0.6605s | Batch Time: 3.314965s | Total Time: 871.07s | ETA: 762.58s | Throughput: 154.45 MB/s
[53.52%] | Read: 2.6430s | Write: 0.6555s | Batch Time: 3.298424s | Total Time: 874.36s | ETA: 759.48s | Throughput: 155.23 MB/s
[53.71%] | Read: 2.6649s | Write: 0.6688s | Batch Time: 3.333674s | Total Time: 877.70s | ETA: 756.42s | Throughput: 153.58 MB/s
[53.91%] | Read: 2.6786s | Write: 0.6624s | Batch Time: 3.341035s | Total Time: 881.04s | ETA: 753.35s | Throughput: 153.25 MB/s
[54.10%] | Read: 2.6974s | Write: 0.5962s | Batch Time: 3.293554s | Total Time: 884.33s | ETA: 750.25s | Throughput: 155.46 MB/s
[54.30%] | Read: 2.6822s | Write: 0.6684s | Batch Time: 3.350602s | Total Time: 887.68s | ETA: 747.19s | Throughput: 152.81 MB/s
[54.49%] | Read: 2.6615s | Write: 0.6631s | Batch Time: 3.324629s | Total Time: 891.01s | ETA: 744.10s | Throughput: 154.00 MB/s
[54.69%] | Read: 2.6967s | Write: 0.6613s | Batch Time: 3.357946s | Total Time: 894.37s | ETA: 741.05s | Throughput: 152.47 MB/s
[54.88%] | Read: 2.6668s | Write: 0.6696s | Batch Time: 3.336372s | Total Time: 897.70s | ETA: 737.97s | Throughput: 153.46 MB/s
[55.08%] | Read: 2.7112s | Write: 0.6627s | Batch Time: 3.373914s | Total Time: 901.08s | ETA: 734.92s | Throughput: 151.75 MB/s
[55.27%] | Read: 2.6722s | Write: 0.6608s | Batch Time: 3.332950s | Total Time: 904.41s | ETA: 731.84s | Throughput: 153.62 MB/s
[55.47%] | Read: 2.6838s | Write: 0.6683s | Batch Time: 3.352112s | Total Time: 907.76s | ETA: 728.77s | Throughput: 152.74 MB/s
[55.66%] | Read: 2.6879s | Write: 0.6615s | Batch Time: 3.349435s | Total Time: 911.11s | ETA: 725.69s | Throughput: 152.86 MB/s
[55.86%] | Read: 2.6732s | Write: 0.5941s | Batch Time: 3.267343s | Total Time: 914.38s | ETA: 722.55s | Throughput: 156.70 MB/s
[56.05%] | Read: 2.6750s | Write: 0.6392s | Batch Time: 3.314192s | Total Time: 917.69s | ETA: 719.45s | Throughput: 154.49 MB/s
[56.25%] | Read: 2.6818s | Write: 0.6405s | Batch Time: 3.322300s | Total Time: 921.01s | ETA: 716.34s | Throughput: 154.11 MB/s
[56.45%] | Read: 2.6701s | Write: 0.6278s | Batch Time: 3.297943s | Total Time: 924.31s | ETA: 713.22s | Throughput: 155.25 MB/s
[56.64%] | Read: 2.6758s | Write: 0.6312s | Batch Time: 3.307016s | Total Time: 927.62s | ETA: 710.11s | Throughput: 154.82 MB/s
[56.84%] | Read: 2.6819s | Write: 0.6556s | Batch Time: 3.337494s | Total Time: 930.96s | ETA: 707.02s | Throughput: 153.41 MB/s
[57.03%] | Read: 2.6576s | Write: 0.6496s | Batch Time: 3.307238s | Total Time: 934.26s | ETA: 703.90s | Throughput: 154.81 MB/s
[57.23%] | Read: 2.6761s | Write: 0.6433s | Batch Time: 3.319427s | Total Time: 937.58s | ETA: 700.79s | Throughput: 154.24 MB/s
[57.42%] | Read: 2.6354s | Write: 0.6509s | Batch Time: 3.286207s | Total Time: 940.87s | ETA: 697.65s | Throughput: 155.80 MB/s
[57.62%] | Read: 2.6684s | Write: 0.6100s | Batch Time: 3.278389s | Total Time: 944.15s | ETA: 694.51s | Throughput: 156.17 MB/s
[57.81%] | Read: 2.6532s | Write: 0.6785s | Batch Time: 3.331675s | Total Time: 947.48s | ETA: 691.40s | Throughput: 153.68 MB/s
[58.01%] | Read: 2.6575s | Write: 0.6853s | Batch Time: 3.342822s | Total Time: 950.82s | ETA: 688.31s | Throughput: 153.16 MB/s
[58.20%] | Read: 2.6624s | Write: 0.6883s | Batch Time: 3.350728s | Total Time: 954.17s | ETA: 685.21s | Throughput: 152.80 MB/s
[58.40%] | Read: 2.6633s | Write: 0.6805s | Batch Time: 3.343742s | Total Time: 957.52s | ETA: 682.11s | Throughput: 153.12 MB/s
[58.59%] | Read: 2.6560s | Write: 0.6858s | Batch Time: 3.341805s | Total Time: 960.86s | ETA: 679.01s | Throughput: 153.21 MB/s
[58.79%] | Read: 2.6280s | Write: 0.6785s | Batch Time: 3.306524s | Total Time: 964.17s | ETA: 675.88s | Throughput: 154.85 MB/s
[58.98%] | Read: 2.6492s | Write: 0.6764s | Batch Time: 3.325579s | Total Time: 967.49s | ETA: 672.76s | Throughput: 153.96 MB/s
[59.18%] | Read: 2.6094s | Write: 0.6343s | Batch Time: 3.243781s | Total Time: 970.74s | ETA: 669.58s | Throughput: 157.84 MB/s
[59.38%] | Read: 2.6260s | Write: 0.6087s | Batch Time: 3.234669s | Total Time: 973.97s | ETA: 666.40s | Throughput: 158.29 MB/s
[59.57%] | Read: 2.6303s | Write: 0.6806s | Batch Time: 3.310907s | Total Time: 977.28s | ETA: 663.27s | Throughput: 154.64 MB/s
[59.77%] | Read: 2.6308s | Write: 0.6880s | Batch Time: 3.318888s | Total Time: 980.60s | ETA: 660.14s | Throughput: 154.27 MB/s
[59.96%] | Read: 2.6242s | Write: 0.6495s | Batch Time: 3.273736s | Total Time: 983.87s | ETA: 656.98s | Throughput: 156.40 MB/s
[60.16%] | Read: 2.6200s | Write: 0.6813s | Batch Time: 3.301241s | Total Time: 987.17s | ETA: 653.84s | Throughput: 155.09 MB/s
[60.35%] | Read: 2.6053s | Write: 0.6869s | Batch Time: 3.292184s | Total Time: 990.47s | ETA: 650.70s | Throughput: 155.52 MB/s
[60.55%] | Read: 2.6228s | Write: 0.6719s | Batch Time: 3.294685s | Total Time: 993.76s | ETA: 647.55s | Throughput: 155.40 MB/s
[60.74%] | Read: 2.5998s | Write: 0.6809s | Batch Time: 3.280651s | Total Time: 997.04s | ETA: 644.39s | Throughput: 156.07 MB/s
[60.94%] | Read: 2.6228s | Write: 0.6282s | Batch Time: 3.251009s | Total Time: 1000.29s | ETA: 641.21s | Throughput: 157.49 MB/s
[61.13%] | Read: 2.6031s | Write: 0.6101s | Batch Time: 3.213232s | Total Time: 1003.51s | ETA: 638.01s | Throughput: 159.34 MB/s
[61.33%] | Read: 2.6068s | Write: 0.6437s | Batch Time: 3.250578s | Total Time: 1006.76s | ETA: 634.83s | Throughput: 157.51 MB/s
[61.52%] | Read: 2.5938s | Write: 0.6491s | Batch Time: 3.242907s | Total Time: 1010.00s | ETA: 631.65s | Throughput: 157.88 MB/s
[61.72%] | Read: 2.6205s | Write: 0.6538s | Batch Time: 3.274362s | Total Time: 1013.27s | ETA: 628.49s | Throughput: 156.37 MB/s
[61.91%] | Read: 2.6016s | Write: 0.6332s | Batch Time: 3.234837s | Total Time: 1016.51s | ETA: 625.30s | Throughput: 158.28 MB/s
[62.11%] | Read: 2.6430s | Write: 0.6397s | Batch Time: 3.282640s | Total Time: 1019.79s | ETA: 622.14s | Throughput: 155.97 MB/s
[62.30%] | Read: 2.6051s | Write: 0.6679s | Batch Time: 3.273063s | Total Time: 1023.06s | ETA: 618.97s | Throughput: 156.43 MB/s
[62.50%] | Read: 2.6457s | Write: 0.6869s | Batch Time: 3.332671s | Total Time: 1026.40s | ETA: 615.84s | Throughput: 153.63 MB/s
[62.70%] | Read: 2.6242s | Write: 0.6157s | Batch Time: 3.239919s | Total Time: 1029.64s | ETA: 612.65s | Throughput: 158.03 MB/s
[62.89%] | Read: 2.6212s | Write: 0.6091s | Batch Time: 3.230287s | Total Time: 1032.87s | ETA: 609.46s | Throughput: 158.50 MB/s
[63.09%] | Read: 2.6211s | Write: 0.6325s | Batch Time: 3.253621s | Total Time: 1036.12s | ETA: 606.28s | Throughput: 157.36 MB/s
[63.28%] | Read: 2.6187s | Write: 0.6358s | Batch Time: 3.254473s | Total Time: 1039.38s | ETA: 603.09s | Throughput: 157.32 MB/s
[63.48%] | Read: 2.6005s | Write: 0.6366s | Batch Time: 3.237054s | Total Time: 1042.61s | ETA: 599.90s | Throughput: 158.17 MB/s
[63.67%] | Read: 2.6175s | Write: 0.6731s | Batch Time: 3.290602s | Total Time: 1045.90s | ETA: 596.74s | Throughput: 155.59 MB/s
[63.87%] | Read: 2.6046s | Write: 0.6410s | Batch Time: 3.245544s | Total Time: 1049.15s | ETA: 593.56s | Throughput: 157.75 MB/s
[64.06%] | Read: 2.6318s | Write: 0.6313s | Batch Time: 3.263042s | Total Time: 1052.41s | ETA: 590.38s | Throughput: 156.91 MB/s
[64.26%] | Read: 2.6203s | Write: 0.6461s | Batch Time: 3.266452s | Total Time: 1055.68s | ETA: 587.20s | Throughput: 156.74 MB/s
[64.45%] | Read: 2.6661s | Write: 0.6138s | Batch Time: 3.279872s | Total Time: 1058.96s | ETA: 584.03s | Throughput: 156.10 MB/s
[64.65%] | Read: 2.6569s | Write: 0.6165s | Batch Time: 3.273378s | Total Time: 1062.23s | ETA: 580.86s | Throughput: 156.41 MB/s
[64.84%] | Read: 2.6951s | Write: 0.6781s | Batch Time: 3.373236s | Total Time: 1065.61s | ETA: 577.74s | Throughput: 151.78 MB/s
[65.04%] | Read: 2.6589s | Write: 0.6768s | Batch Time: 3.335734s | Total Time: 1068.94s | ETA: 574.60s | Throughput: 153.49 MB/s
[65.23%] | Read: 2.6840s | Write: 0.6856s | Batch Time: 3.369557s | Total Time: 1072.31s | ETA: 571.47s | Throughput: 151.95 MB/s
[65.43%] | Read: 2.6335s | Write: 0.6888s | Batch Time: 3.322332s | Total Time: 1075.63s | ETA: 568.32s | Throughput: 154.11 MB/s
[65.62%] | Read: 2.6535s | Write: 0.6756s | Batch Time: 3.329186s | Total Time: 1078.96s | ETA: 565.17s | Throughput: 153.79 MB/s
[65.82%] | Read: 2.6172s | Write: 0.6836s | Batch Time: 3.300817s | Total Time: 1082.26s | ETA: 562.01s | Throughput: 155.11 MB/s
[66.02%] | Read: 2.6349s | Write: 0.6637s | Batch Time: 3.298563s | Total Time: 1085.56s | ETA: 558.84s | Throughput: 155.22 MB/s
[66.21%] | Read: 2.6292s | Write: 0.6581s | Batch Time: 3.287367s | Total Time: 1088.85s | ETA: 555.67s | Throughput: 155.75 MB/s
[66.41%] | Read: 2.6437s | Write: 0.6155s | Batch Time: 3.259188s | Total Time: 1092.11s | ETA: 552.48s | Throughput: 157.09 MB/s
[66.60%] | Read: 2.6271s | Write: 0.6724s | Batch Time: 3.299472s | Total Time: 1095.41s | ETA: 549.31s | Throughput: 155.18 MB/s
[66.80%] | Read: 2.6704s | Write: 0.6704s | Batch Time: 3.340777s | Total Time: 1098.75s | ETA: 546.16s | Throughput: 153.26 MB/s
[66.99%] | Read: 2.6309s | Write: 0.6695s | Batch Time: 3.300448s | Total Time: 1102.05s | ETA: 542.99s | Throughput: 155.13 MB/s
[67.19%] | Read: 2.6223s | Write: 0.6641s | Batch Time: 3.286322s | Total Time: 1105.34s | ETA: 539.81s | Throughput: 155.80 MB/s
[67.38%] | Read: 2.6305s | Write: 0.6675s | Batch Time: 3.297949s | Total Time: 1108.63s | ETA: 536.64s | Throughput: 155.25 MB/s
[67.58%] | Read: 2.6255s | Write: 0.6660s | Batch Time: 3.291513s | Total Time: 1111.92s | ETA: 533.47s | Throughput: 155.55 MB/s
[67.77%] | Read: 2.6288s | Write: 0.6653s | Batch Time: 3.294019s | Total Time: 1115.22s | ETA: 530.29s | Throughput: 155.43 MB/s
[67.97%] | Read: 2.6185s | Write: 0.6112s | Batch Time: 3.229691s | Total Time: 1118.45s | ETA: 527.08s | Throughput: 158.53 MB/s
[68.16%] | Read: 2.6229s | Write: 0.6163s | Batch Time: 3.239224s | Total Time: 1121.69s | ETA: 523.88s | Throughput: 158.06 MB/s
[68.36%] | Read: 2.5915s | Write: 0.6351s | Batch Time: 3.226555s | Total Time: 1124.91s | ETA: 520.67s | Throughput: 158.68 MB/s
[68.55%] | Read: 2.6187s | Write: 0.6315s | Batch Time: 3.250258s | Total Time: 1128.16s | ETA: 517.48s | Throughput: 157.53 MB/s
[68.75%] | Read: 2.6189s | Write: 0.7744s | Batch Time: 3.393325s | Total Time: 1131.56s | ETA: 514.34s | Throughput: 150.88 MB/s
[68.95%] | Read: 2.6278s | Write: 0.7752s | Batch Time: 3.402960s | Total Time: 1134.96s | ETA: 511.21s | Throughput: 150.46 MB/s
[69.14%] | Read: 2.5932s | Write: 0.7701s | Batch Time: 3.363277s | Total Time: 1138.32s | ETA: 508.07s | Throughput: 152.23 MB/s
[69.34%] | Read: 2.6160s | Write: 0.8453s | Batch Time: 3.461357s | Total Time: 1141.79s | ETA: 504.96s | Throughput: 147.92 MB/s
[69.53%] | Read: 2.6297s | Write: 0.8433s | Batch Time: 3.472955s | Total Time: 1145.26s | ETA: 501.85s | Throughput: 147.42 MB/s
[69.73%] | Read: 2.6434s | Write: 0.7218s | Batch Time: 3.365223s | Total Time: 1148.62s | ETA: 498.70s | Throughput: 152.14 MB/s
[69.92%] | Read: 2.5865s | Write: 0.7210s | Batch Time: 3.307416s | Total Time: 1151.93s | ETA: 495.52s | Throughput: 154.80 MB/s
[70.12%] | Read: 2.5961s | Write: 0.8388s | Batch Time: 3.434894s | Total Time: 1155.37s | ETA: 492.40s | Throughput: 149.06 MB/s
[70.31%] | Read: 2.5927s | Write: 0.8255s | Batch Time: 3.418192s | Total Time: 1158.78s | ETA: 489.26s | Throughput: 149.79 MB/s
[70.51%] | Read: 2.5931s | Write: 0.8200s | Batch Time: 3.413096s | Total Time: 1162.20s | ETA: 486.13s | Throughput: 150.01 MB/s
[70.70%] | Read: 2.5893s | Write: 0.8187s | Batch Time: 3.407995s | Total Time: 1165.61s | ETA: 482.99s | Throughput: 150.23 MB/s
[70.90%] | Read: 2.6243s | Write: 0.8313s | Batch Time: 3.455643s | Total Time: 1169.06s | ETA: 479.86s | Throughput: 148.16 MB/s
[71.09%] | Read: 2.6123s | Write: 0.8408s | Batch Time: 3.453108s | Total Time: 1172.51s | ETA: 476.74s | Throughput: 148.27 MB/s
[71.29%] | Read: 2.6349s | Write: 0.8260s | Batch Time: 3.460889s | Total Time: 1175.97s | ETA: 473.61s | Throughput: 147.94 MB/s
[71.48%] | Read: 2.5919s | Write: 0.7290s | Batch Time: 3.320963s | Total Time: 1179.30s | ETA: 470.43s | Throughput: 154.17 MB/s
[71.68%] | Read: 2.6556s | Write: 0.7931s | Batch Time: 3.448697s | Total Time: 1182.74s | ETA: 467.30s | Throughput: 148.46 MB/s
[71.88%] | Read: 2.6420s | Write: 0.8371s | Batch Time: 3.479109s | Total Time: 1186.22s | ETA: 464.17s | Throughput: 147.16 MB/s
[72.07%] | Read: 2.6719s | Write: 0.8355s | Batch Time: 3.507397s | Total Time: 1189.73s | ETA: 461.06s | Throughput: 145.98 MB/s
[72.27%] | Read: 2.6421s | Write: 0.8133s | Batch Time: 3.455354s | Total Time: 1193.19s | ETA: 457.93s | Throughput: 148.18 MB/s
[72.46%] | Read: 2.6815s | Write: 0.8182s | Batch Time: 3.499678s | Total Time: 1196.69s | ETA: 454.81s | Throughput: 146.30 MB/s
[72.66%] | Read: 2.6474s | Write: 0.8458s | Batch Time: 3.493208s | Total Time: 1200.18s | ETA: 451.68s | Throughput: 146.57 MB/s
[72.85%] | Read: 2.6803s | Write: 0.8076s | Batch Time: 3.487909s | Total Time: 1203.67s | ETA: 448.55s | Throughput: 146.79 MB/s
[73.05%] | Read: 2.6359s | Write: 0.7273s | Batch Time: 3.363180s | Total Time: 1207.03s | ETA: 445.37s | Throughput: 152.24 MB/s
[73.24%] | Read: 2.6571s | Write: 0.7240s | Batch Time: 3.381061s | Total Time: 1210.41s | ETA: 442.20s | Throughput: 151.43 MB/s
[73.44%] | Read: 2.6440s | Write: 0.8336s | Batch Time: 3.477584s | Total Time: 1213.89s | ETA: 439.07s | Throughput: 147.23 MB/s
[73.63%] | Read: 2.6517s | Write: 0.8231s | Batch Time: 3.474814s | Total Time: 1217.36s | ETA: 435.93s | Throughput: 147.35 MB/s
[73.83%] | Read: 2.6533s | Write: 0.6883s | Batch Time: 3.341552s | Total Time: 1220.71s | ETA: 432.74s | Throughput: 153.22 MB/s
[74.02%] | Read: 2.6457s | Write: 0.6894s | Batch Time: 3.335102s | Total Time: 1224.04s | ETA: 429.54s | Throughput: 153.52 MB/s
[74.22%] | Read: 2.6521s | Write: 0.6853s | Batch Time: 3.337334s | Total Time: 1227.38s | ETA: 426.35s | Throughput: 153.42 MB/s
[74.41%] | Read: 2.6516s | Write: 0.6928s | Batch Time: 3.344342s | Total Time: 1230.72s | ETA: 423.16s | Throughput: 153.09 MB/s
[74.61%] | Read: 2.6415s | Write: 0.6871s | Batch Time: 3.328553s | Total Time: 1234.05s | ETA: 419.96s | Throughput: 153.82 MB/s
[74.80%] | Read: 2.6400s | Write: 0.6146s | Batch Time: 3.254537s | Total Time: 1237.31s | ETA: 416.74s | Throughput: 157.32 MB/s
[75.00%] | Read: 2.6363s | Write: 0.6822s | Batch Time: 3.318472s | Total Time: 1240.62s | ETA: 413.54s | Throughput: 154.29 MB/s
[75.20%] | Read: 2.6533s | Write: 0.6894s | Batch Time: 3.342744s | Total Time: 1243.97s | ETA: 410.35s | Throughput: 153.17 MB/s
[75.39%] | Read: 2.6807s | Write: 0.6851s | Batch Time: 3.365840s | Total Time: 1247.33s | ETA: 407.16s | Throughput: 152.12 MB/s
[75.59%] | Read: 2.7142s | Write: 0.6839s | Batch Time: 3.398089s | Total Time: 1250.73s | ETA: 403.98s | Throughput: 150.67 MB/s
[75.78%] | Read: 2.6925s | Write: 0.6895s | Batch Time: 3.381976s | Total Time: 1254.11s | ETA: 400.80s | Throughput: 151.39 MB/s
[75.98%] | Read: 2.7113s | Write: 0.6761s | Batch Time: 3.387365s | Total Time: 1257.50s | ETA: 397.62s | Throughput: 151.15 MB/s
[76.17%] | Read: 2.7308s | Write: 0.6900s | Batch Time: 3.420787s | Total Time: 1260.92s | ETA: 394.44s | Throughput: 149.67 MB/s
[76.37%] | Read: 2.7037s | Write: 0.6221s | Batch Time: 3.325887s | Total Time: 1264.25s | ETA: 391.24s | Throughput: 153.94 MB/s
[76.56%] | Read: 2.7199s | Write: 0.6863s | Batch Time: 3.406202s | Total Time: 1267.65s | ETA: 388.06s | Throughput: 150.31 MB/s
[76.76%] | Read: 2.6901s | Write: 0.6936s | Batch Time: 3.383712s | Total Time: 1271.04s | ETA: 384.87s | Throughput: 151.31 MB/s
[76.95%] | Read: 2.7270s | Write: 0.6876s | Batch Time: 3.414623s | Total Time: 1274.45s | ETA: 381.69s | Throughput: 149.94 MB/s
[77.15%] | Read: 2.6620s | Write: 0.6991s | Batch Time: 3.361114s | Total Time: 1277.81s | ETA: 378.49s | Throughput: 152.33 MB/s
[77.34%] | Read: 2.6431s | Write: 0.6958s | Batch Time: 3.338966s | Total Time: 1281.15s | ETA: 375.29s | Throughput: 153.34 MB/s
[77.54%] | Read: 2.6393s | Write: 0.6887s | Batch Time: 3.327979s | Total Time: 1284.48s | ETA: 372.08s | Throughput: 153.85 MB/s
[77.73%] | Read: 2.6624s | Write: 0.6870s | Batch Time: 3.349361s | Total Time: 1287.83s | ETA: 368.88s | Throughput: 152.86 MB/s
[77.93%] | Read: 2.6308s | Write: 0.6233s | Batch Time: 3.254066s | Total Time: 1291.08s | ETA: 365.65s | Throughput: 157.34 MB/s
[78.12%] | Read: 2.6366s | Write: 0.6930s | Batch Time: 3.329574s | Total Time: 1294.41s | ETA: 362.44s | Throughput: 153.77 MB/s
[78.32%] | Read: 2.6581s | Write: 0.6877s | Batch Time: 3.345813s | Total Time: 1297.76s | ETA: 359.23s | Throughput: 153.03 MB/s
[78.52%] | Read: 2.6642s | Write: 0.6922s | Batch Time: 3.356377s | Total Time: 1301.11s | ETA: 356.03s | Throughput: 152.55 MB/s
[78.71%] | Read: 2.6346s | Write: 0.6944s | Batch Time: 3.329017s | Total Time: 1304.44s | ETA: 352.81s | Throughput: 153.80 MB/s
[78.91%] | Read: 2.6654s | Write: 0.6887s | Batch Time: 3.354075s | Total Time: 1307.80s | ETA: 349.61s | Throughput: 152.65 MB/s
[79.10%] | Read: 2.6453s | Write: 0.6880s | Batch Time: 3.333252s | Total Time: 1311.13s | ETA: 346.40s | Throughput: 153.60 MB/s
[79.30%] | Read: 2.7059s | Write: 0.6912s | Batch Time: 3.397056s | Total Time: 1314.53s | ETA: 343.20s | Throughput: 150.72 MB/s
[79.49%] | Read: 2.7103s | Write: 0.6163s | Batch Time: 3.326591s | Total Time: 1317.85s | ETA: 339.99s | Throughput: 153.91 MB/s
[79.69%] | Read: 2.7007s | Write: 0.6938s | Batch Time: 3.394482s | Total Time: 1321.25s | ETA: 336.79s | Throughput: 150.83 MB/s
[79.88%] | Read: 2.7142s | Write: 0.6541s | Batch Time: 3.368286s | Total Time: 1324.62s | ETA: 333.58s | Throughput: 152.01 MB/s
[80.08%] | Read: 2.6912s | Write: 0.6523s | Batch Time: 3.343521s | Total Time: 1327.96s | ETA: 330.37s | Throughput: 153.13 MB/s
[80.27%] | Read: 2.7238s | Write: 0.6581s | Batch Time: 3.381977s | Total Time: 1331.34s | ETA: 327.17s | Throughput: 151.39 MB/s
[80.47%] | Read: 2.6678s | Write: 0.6587s | Batch Time: 3.326496s | Total Time: 1334.67s | ETA: 323.95s | Throughput: 153.92 MB/s
[80.66%] | Read: 2.7184s | Write: 0.6474s | Batch Time: 3.365794s | Total Time: 1338.04s | ETA: 320.74s | Throughput: 152.12 MB/s
[80.86%] | Read: 2.6701s | Write: 0.6393s | Batch Time: 3.309395s | Total Time: 1341.34s | ETA: 317.52s | Throughput: 154.71 MB/s
[81.05%] | Read: 2.6559s | Write: 0.6137s | Batch Time: 3.269603s | Total Time: 1344.61s | ETA: 314.28s | Throughput: 156.59 MB/s
[81.25%] | Read: 2.6606s | Write: 0.6951s | Batch Time: 3.355746s | Total Time: 1347.97s | ETA: 311.07s | Throughput: 152.57 MB/s
[81.45%] | Read: 2.6393s | Write: 0.6472s | Batch Time: 3.286572s | Total Time: 1351.26s | ETA: 307.84s | Throughput: 155.79 MB/s
[81.64%] | Read: 2.6273s | Write: 0.6361s | Batch Time: 3.263399s | Total Time: 1354.52s | ETA: 304.60s | Throughput: 156.89 MB/s
[81.84%] | Read: 2.6598s | Write: 0.6382s | Batch Time: 3.297998s | Total Time: 1357.82s | ETA: 301.38s | Throughput: 155.25 MB/s
[82.03%] | Read: 2.6704s | Write: 0.7080s | Batch Time: 3.378456s | Total Time: 1361.20s | ETA: 298.17s | Throughput: 151.55 MB/s
[82.23%] | Read: 2.6902s | Write: 0.6700s | Batch Time: 3.360217s | Total Time: 1364.56s | ETA: 294.95s | Throughput: 152.37 MB/s
[82.42%] | Read: 2.6564s | Write: 0.6476s | Batch Time: 3.304082s | Total Time: 1367.86s | ETA: 291.72s | Throughput: 154.96 MB/s
[82.62%] | Read: 2.6431s | Write: 0.6193s | Batch Time: 3.262395s | Total Time: 1371.12s | ETA: 288.49s | Throughput: 156.94 MB/s
[82.81%] | Read: 2.6498s | Write: 0.6751s | Batch Time: 3.324852s | Total Time: 1374.45s | ETA: 285.26s | Throughput: 153.99 MB/s
[83.01%] | Read: 2.6697s | Write: 0.6697s | Batch Time: 3.339436s | Total Time: 1377.79s | ETA: 282.04s | Throughput: 153.32 MB/s
[83.20%] | Read: 2.6570s | Write: 0.6550s | Batch Time: 3.311964s | Total Time: 1381.10s | ETA: 278.81s | Throughput: 154.59 MB/s
[83.40%] | Read: 2.6483s | Write: 0.6530s | Batch Time: 3.301304s | Total Time: 1384.40s | ETA: 275.58s | Throughput: 155.09 MB/s
[83.59%] | Read: 2.6622s | Write: 0.6494s | Batch Time: 3.311618s | Total Time: 1387.71s | ETA: 272.35s | Throughput: 154.61 MB/s
[83.79%] | Read: 2.6444s | Write: 0.6587s | Batch Time: 3.303089s | Total Time: 1391.02s | ETA: 269.12s | Throughput: 155.01 MB/s
[83.98%] | Read: 2.6593s | Write: 0.6450s | Batch Time: 3.304228s | Total Time: 1394.32s | ETA: 265.89s | Throughput: 154.95 MB/s
[84.18%] | Read: 2.6571s | Write: 0.6165s | Batch Time: 3.273581s | Total Time: 1397.59s | ETA: 262.66s | Throughput: 156.40 MB/s
[84.38%] | Read: 2.6675s | Write: 0.8705s | Batch Time: 3.538034s | Total Time: 1401.13s | ETA: 259.47s | Throughput: 144.71 MB/s
[84.57%] | Read: 2.6376s | Write: 0.8614s | Batch Time: 3.499012s | Total Time: 1404.63s | ETA: 256.27s | Throughput: 146.33 MB/s
[84.77%] | Read: 2.6497s | Write: 0.8521s | Batch Time: 3.501799s | Total Time: 1408.13s | ETA: 253.07s | Throughput: 146.21 MB/s
[84.96%] | Read: 2.6483s | Write: 0.7430s | Batch Time: 3.391304s | Total Time: 1411.52s | ETA: 249.86s | Throughput: 150.97 MB/s
[85.16%] | Read: 2.6598s | Write: 0.7433s | Batch Time: 3.403091s | Total Time: 1414.93s | ETA: 246.64s | Throughput: 150.45 MB/s
[85.35%] | Read: 2.6338s | Write: 0.7326s | Batch Time: 3.366409s | Total Time: 1418.29s | ETA: 243.41s | Throughput: 152.09 MB/s
[85.55%] | Read: 2.6698s | Write: 0.7323s | Batch Time: 3.402169s | Total Time: 1421.70s | ETA: 240.20s | Throughput: 150.49 MB/s
[85.74%] | Read: 2.6686s | Write: 0.6649s | Batch Time: 3.333504s | Total Time: 1425.03s | ETA: 236.96s | Throughput: 153.59 MB/s
[85.94%] | Read: 2.6601s | Write: 0.7206s | Batch Time: 3.380675s | Total Time: 1428.41s | ETA: 233.74s | Throughput: 151.45 MB/s
[86.13%] | Read: 2.6888s | Write: 0.7283s | Batch Time: 3.417077s | Total Time: 1431.83s | ETA: 230.52s | Throughput: 149.84 MB/s
[86.33%] | Read: 2.6623s | Write: 0.7157s | Batch Time: 3.378002s | Total Time: 1435.20s | ETA: 227.29s | Throughput: 151.57 MB/s
[86.52%] | Read: 2.6866s | Write: 0.7211s | Batch Time: 3.407724s | Total Time: 1438.61s | ETA: 224.07s | Throughput: 150.25 MB/s
[86.72%] | Read: 2.6858s | Write: 0.7110s | Batch Time: 3.396809s | Total Time: 1442.01s | ETA: 220.85s | Throughput: 150.73 MB/s
[86.91%] | Read: 2.6914s | Write: 0.7349s | Batch Time: 3.426270s | Total Time: 1445.44s | ETA: 217.63s | Throughput: 149.43 MB/s
[87.11%] | Read: 2.6740s | Write: 0.7340s | Batch Time: 3.408079s | Total Time: 1448.84s | ETA: 214.40s | Throughput: 150.23 MB/s
[87.30%] | Read: 2.6672s | Write: 0.6567s | Batch Time: 3.323899s | Total Time: 1452.17s | ETA: 211.17s | Throughput: 154.04 MB/s
[87.50%] | Read: 2.6436s | Write: 0.7371s | Batch Time: 3.380676s | Total Time: 1455.55s | ETA: 207.94s | Throughput: 151.45 MB/s
[87.70%] | Read: 2.6737s | Write: 0.6919s | Batch Time: 3.365641s | Total Time: 1458.91s | ETA: 204.70s | Throughput: 152.13 MB/s
[87.89%] | Read: 2.6765s | Write: 0.6895s | Batch Time: 3.366031s | Total Time: 1462.28s | ETA: 201.47s | Throughput: 152.11 MB/s
[88.09%] | Read: 2.6605s | Write: 0.6969s | Batch Time: 3.357431s | Total Time: 1465.64s | ETA: 198.23s | Throughput: 152.50 MB/s
[88.28%] | Read: 2.6479s | Write: 0.6917s | Batch Time: 3.339558s | Total Time: 1468.98s | ETA: 195.00s | Throughput: 153.31 MB/s
[88.48%] | Read: 2.6653s | Write: 0.6916s | Batch Time: 3.356858s | Total Time: 1472.33s | ETA: 191.76s | Throughput: 152.52 MB/s
[88.67%] | Read: 2.6670s | Write: 0.6981s | Batch Time: 3.365099s | Total Time: 1475.70s | ETA: 188.53s | Throughput: 152.15 MB/s
[88.87%] | Read: 2.6365s | Write: 0.6567s | Batch Time: 3.293181s | Total Time: 1478.99s | ETA: 185.28s | Throughput: 155.47 MB/s
[89.06%] | Read: 2.6770s | Write: 0.7365s | Batch Time: 3.413466s | Total Time: 1482.41s | ETA: 182.05s | Throughput: 149.99 MB/s
[89.26%] | Read: 2.6577s | Write: 0.7219s | Batch Time: 3.379600s | Total Time: 1485.79s | ETA: 178.81s | Throughput: 151.50 MB/s
[89.45%] | Read: 2.6773s | Write: 0.7159s | Batch Time: 3.393168s | Total Time: 1489.18s | ETA: 175.58s | Throughput: 150.89 MB/s
[89.65%] | Read: 2.6343s | Write: 0.7166s | Batch Time: 3.350889s | Total Time: 1492.53s | ETA: 172.34s | Throughput: 152.80 MB/s
[89.84%] | Read: 2.6757s | Write: 0.7152s | Batch Time: 3.390889s | Total Time: 1495.92s | ETA: 169.10s | Throughput: 150.99 MB/s
[90.04%] | Read: 2.6361s | Write: 0.7197s | Batch Time: 3.355718s | Total Time: 1499.28s | ETA: 165.86s | Throughput: 152.58 MB/s
[90.23%] | Read: 2.7056s | Write: 0.7147s | Batch Time: 3.420240s | Total Time: 1502.70s | ETA: 162.63s | Throughput: 149.70 MB/s
[90.43%] | Read: 2.6527s | Write: 0.6611s | Batch Time: 3.313781s | Total Time: 1506.01s | ETA: 159.38s | Throughput: 154.51 MB/s
[90.62%] | Read: 2.6709s | Write: 0.6905s | Batch Time: 3.361327s | Total Time: 1509.37s | ETA: 156.14s | Throughput: 152.32 MB/s
[90.82%] | Read: 2.6528s | Write: 0.6977s | Batch Time: 3.350527s | Total Time: 1512.72s | ETA: 152.90s | Throughput: 152.81 MB/s
[91.02%] | Read: 2.6595s | Write: 0.6890s | Batch Time: 3.348408s | Total Time: 1516.07s | ETA: 149.65s | Throughput: 152.91 MB/s
[91.21%] | Read: 2.6318s | Write: 0.7267s | Batch Time: 3.358538s | Total Time: 1519.43s | ETA: 146.41s | Throughput: 152.45 MB/s
[91.41%] | Read: 2.6644s | Write: 0.7313s | Batch Time: 3.395712s | Total Time: 1522.82s | ETA: 143.17s | Throughput: 150.78 MB/s
[91.60%] | Read: 2.6537s | Write: 0.7267s | Batch Time: 3.380353s | Total Time: 1526.20s | ETA: 139.93s | Throughput: 151.46 MB/s
[91.80%] | Read: 2.6230s | Write: 0.6953s | Batch Time: 3.318329s | Total Time: 1529.52s | ETA: 136.68s | Throughput: 154.29 MB/s
[91.99%] | Read: 2.6830s | Write: 0.6532s | Batch Time: 3.336164s | Total Time: 1532.86s | ETA: 133.43s | Throughput: 153.47 MB/s
[92.19%] | Read: 2.6791s | Write: 0.6901s | Batch Time: 3.369256s | Total Time: 1536.23s | ETA: 130.19s | Throughput: 151.96 MB/s
[92.38%] | Read: 2.6677s | Write: 0.6944s | Batch Time: 3.362043s | Total Time: 1539.59s | ETA: 126.94s | Throughput: 152.29 MB/s
[92.58%] | Read: 2.6917s | Write: 0.6784s | Batch Time: 3.370092s | Total Time: 1542.96s | ETA: 123.70s | Throughput: 151.92 MB/s
[92.77%] | Read: 2.6868s | Write: 0.6823s | Batch Time: 3.369107s | Total Time: 1546.33s | ETA: 120.45s | Throughput: 151.97 MB/s
[92.97%] | Read: 2.6914s | Write: 0.6787s | Batch Time: 3.370081s | Total Time: 1549.70s | ETA: 117.20s | Throughput: 151.93 MB/s
[93.16%] | Read: 2.6828s | Write: 0.6981s | Batch Time: 3.380951s | Total Time: 1553.08s | ETA: 113.96s | Throughput: 151.44 MB/s
[93.36%] | Read: 2.6921s | Write: 0.6863s | Batch Time: 3.378406s | Total Time: 1556.46s | ETA: 110.71s | Throughput: 151.55 MB/s
[93.55%] | Read: 2.7000s | Write: 0.6563s | Batch Time: 3.356338s | Total Time: 1559.82s | ETA: 107.46s | Throughput: 152.55 MB/s
[93.75%] | Read: 2.6885s | Write: 0.6959s | Batch Time: 3.384438s | Total Time: 1563.20s | ETA: 104.21s | Throughput: 151.28 MB/s
[93.95%] | Read: 2.6733s | Write: 0.6897s | Batch Time: 3.362984s | Total Time: 1566.56s | ETA: 100.96s | Throughput: 152.25 MB/s
[94.14%] | Read: 2.6761s | Write: 0.6930s | Batch Time: 3.369057s | Total Time: 1569.93s | ETA: 97.71s | Throughput: 151.97 MB/s
[94.34%] | Read: 2.6824s | Write: 0.6977s | Batch Time: 3.380072s | Total Time: 1573.31s | ETA: 94.46s | Throughput: 151.48 MB/s
[94.53%] | Read: 2.6641s | Write: 0.6889s | Batch Time: 3.353034s | Total Time: 1576.67s | ETA: 91.21s | Throughput: 152.70 MB/s
[94.73%] | Read: 2.6674s | Write: 0.6905s | Batch Time: 3.357888s | Total Time: 1580.02s | ETA: 87.96s | Throughput: 152.48 MB/s
[94.92%] | Read: 2.6767s | Write: 0.6733s | Batch Time: 3.349972s | Total Time: 1583.37s | ETA: 84.71s | Throughput: 152.84 MB/s
[95.12%] | Read: 2.6703s | Write: 0.6577s | Batch Time: 3.328001s | Total Time: 1586.70s | ETA: 81.45s | Throughput: 153.85 MB/s
[95.31%] | Read: 2.6823s | Write: 0.7532s | Batch Time: 3.435449s | Total Time: 1590.14s | ETA: 78.20s | Throughput: 149.03 MB/s
[95.51%] | Read: 2.6573s | Write: 0.7007s | Batch Time: 3.358042s | Total Time: 1593.49s | ETA: 74.95s | Throughput: 152.47 MB/s
[95.70%] | Read: 2.6834s | Write: 0.7016s | Batch Time: 3.384956s | Total Time: 1596.88s | ETA: 71.70s | Throughput: 151.26 MB/s
[95.90%] | Read: 2.6550s | Write: 1.1627s | Batch Time: 3.817647s | Total Time: 1600.70s | ETA: 68.46s | Throughput: 134.11 MB/s
[96.09%] | Read: 2.6733s | Write: 0.8504s | Batch Time: 3.523664s | Total Time: 1604.22s | ETA: 65.21s | Throughput: 145.30 MB/s
[96.29%] | Read: 2.6435s | Write: 0.8475s | Batch Time: 3.490982s | Total Time: 1607.71s | ETA: 61.96s | Throughput: 146.66 MB/s
[96.48%] | Read: 2.6854s | Write: 0.7624s | Batch Time: 3.447885s | Total Time: 1611.16s | ETA: 58.71s | Throughput: 148.50 MB/s
[96.68%] | Read: 2.6546s | Write: 0.8244s | Batch Time: 3.478958s | Total Time: 1614.64s | ETA: 55.45s | Throughput: 147.17 MB/s
[96.88%] | Read: 2.6594s | Write: 0.8254s | Batch Time: 3.484796s | Total Time: 1618.12s | ETA: 52.20s | Throughput: 146.92 MB/s
[97.07%] | Read: 2.6586s | Write: 0.6580s | Batch Time: 3.316574s | Total Time: 1621.44s | ETA: 48.94s | Throughput: 154.38 MB/s
[97.27%] | Read: 2.6669s | Write: 0.6894s | Batch Time: 3.356268s | Total Time: 1624.80s | ETA: 45.68s | Throughput: 152.55 MB/s
[97.46%] | Read: 2.6435s | Write: 0.6907s | Batch Time: 3.334146s | Total Time: 1628.13s | ETA: 42.42s | Throughput: 153.56 MB/s
[97.66%] | Read: 2.6788s | Write: 0.7714s | Batch Time: 3.450226s | Total Time: 1631.58s | ETA: 39.16s | Throughput: 148.40 MB/s
[97.85%] | Read: 2.6606s | Write: 0.6647s | Batch Time: 3.325296s | Total Time: 1634.91s | ETA: 35.90s | Throughput: 153.97 MB/s
[98.05%] | Read: 2.6818s | Write: 0.6371s | Batch Time: 3.318948s | Total Time: 1638.23s | ETA: 32.63s | Throughput: 154.27 MB/s
[98.24%] | Read: 2.6531s | Write: 0.6585s | Batch Time: 3.311603s | Total Time: 1641.54s | ETA: 29.37s | Throughput: 154.61 MB/s
[98.44%] | Read: 2.6418s | Write: 0.8936s | Batch Time: 3.535341s | Total Time: 1645.07s | ETA: 26.11s | Throughput: 144.82 MB/s
[98.63%] | Read: 2.6318s | Write: 0.9929s | Batch Time: 3.624711s | Total Time: 1648.70s | ETA: 22.85s | Throughput: 141.25 MB/s
[98.83%] | Read: 2.6412s | Write: 0.8679s | Batch Time: 3.509149s | Total Time: 1652.21s | ETA: 19.59s | Throughput: 145.90 MB/s
[99.02%] | Read: 2.6164s | Write: 0.7954s | Batch Time: 3.411810s | Total Time: 1655.62s | ETA: 16.33s | Throughput: 150.07 MB/s
[99.22%] | Read: 2.6399s | Write: 0.7071s | Batch Time: 3.346915s | Total Time: 1658.96s | ETA: 13.06s | Throughput: 152.98 MB/s
[99.41%] | Read: 2.6447s | Write: 0.5916s | Batch Time: 3.236321s | Total Time: 1662.20s | ETA: 9.80s | Throughput: 158.20 MB/s
[99.61%] | Read: 2.6603s | Write: 0.8050s | Batch Time: 3.465308s | Total Time: 1665.67s | ETA: 6.53s | Throughput: 147.75 MB/s
[99.80%] | Read: 2.6092s | Write: 0.8581s | Batch Time: 3.467344s | Total Time: 1669.13s | ETA: 3.27s | Throughput: 147.66 MB/s
[100.00%] | Read: 2.6370s | Write: 0.7482s | Batch Time: 3.385161s | Total Time: 1672.52s | ETA: 0.00s | Throughput: 151.25 MB/s


[1727.62s] Completed merging 8 K32-files of total size 256.00GB
Merge Approach: Pipelined
Source: /data-l/iraicu/tmp/
Destination: /data-r/iraicu/vaults/
Read Time: 1300.63s
Write Time: 55.10s
Merge Time: 1727.62s



real	28m50.040s
user	0m0.006s
sys	0m0.015s
Finished merge for k=35

==================================================
Starting merge for k=36 (n=16, B=1024, drive=data-r)
==================================================
Clearing cache...
sudo: a password is required
